-- Example seed for FiFe (public schema only)
-- Safe to run locally; starts by disabling triggers (FKs/RLS) for inserts
SET session_replication_role = replica;
-- Create auth users for demo profiles (password: Password123!)
-- Uses pgcrypto from extensions schema for bcrypt
INSERT INTO auth.users (
        id,
        instance_id,
        aud,
        role,
        email,
        encrypted_password,
        email_confirmed_at,
        raw_app_meta_data,
        raw_user_meta_data,
        is_super_admin,
        created_at,
        updated_at,
        confirmation_token,
        recovery_token,
        email_change_token_new,
        email_change
    )
VALUES (
        'a3f8b9f2-3b1a-4a49-9a27-3e7f0e9d1c01',
        '00000000-0000-0000-0000-000000000000',
        'authenticated',
        'authenticated',
        'luna@example.com',
        extensions.crypt('Password123!', extensions.gen_salt('bf')),
        NOW(),
        '{"provider":"email","providers":["email"]}',
        '{"full_name":"Luna Kovacs","avatar_url":"https://picsum.photos/seed/luna/200"}',
        false,
        NOW(),
        NOW(),
        '',
        '',
        '',
        ''
    ),
    (
        'b6d1e2c3-4f5a-6b7c-8d9e-0f1a2b3c4d5e',
        '00000000-0000-0000-0000-000000000000',
        'authenticated',
        'authenticated',
        'marci@example.com',
        extensions.crypt('Password123!', extensions.gen_salt('bf')),
        NOW(),
        '{"provider":"email","providers":["email"]}',
        '{"full_name":"Marci Nagy","avatar_url":"https://picsum.photos/seed/marci/200"}',
        false,
        NOW(),
        NOW(),
        '',
        '',
        '',
        ''
    ),
    (
        'c7e8f9a0-1b2c-3d4e-5f60-7a8b9c0d1e2f',
        '00000000-0000-0000-0000-000000000000',
        'authenticated',
        'authenticated',
        'zsofi@example.com',
        extensions.crypt('Password123!', extensions.gen_salt('bf')),
        NOW(),
        '{"provider":"email","providers":["email"]}',
        '{"full_name":"Zsofi Szabo","avatar_url":"https://picsum.photos/seed/zsofi/200"}',
        false,
        NOW(),
        NOW(),
        '',
        '',
        '',
        ''
    ),
    (
        'd1e2f3a4-b5c6-4d7e-8f90-a1b2c3d4e5f6',
        '00000000-0000-0000-0000-000000000000',
        'authenticated',
        'authenticated',
        'test@fife.hu',
        extensions.crypt('fifewok42', extensions.gen_salt('bf')),
        NOW(),
        '{"provider":"email","providers":["email"]}',
        '{"full_name":"Teszt Fife","avatar_url":"https://picsum.photos/seed/teszt/200"}',
        false,
        NOW(),
        NOW(),
        '',
        '',
        '',
        ''
    );
-- Optional cleanup (uncomment to wipe existing data before seeding)
-- TRUNCATE TABLE
--   public."profileRecommendations",
--   public."eventResponses",
--   public."events",
--   public."comments",
--   public."posts",
--   public."buzinessRecommendations",
--   public."buziness",
--   public."contacts",
--   public."profiles"
-- RESTART IDENTITY CASCADE;
-- Random, example UUIDs for demo users (also used as authors)
-- Note: profiles.id normally references auth.users.id, but triggers are disabled for this seed.
INSERT INTO public.profiles (
        id,
        username,
        full_name,
        avatar_url,
        website,
        created_at,
        viewed_functions,
        location
    )
VALUES (
        'a3f8b9f2-3b1a-4a49-9a27-3e7f0e9d1c01',
        'luna',
        'Luna Kovacs',
        'https://picsum.photos/seed/luna/200',
        'https://example-luna.dev',
        NOW(),
        ARRAY ['create-buziness','map'],
        ST_GeogFromText('SRID=4326;POINT(19.0402 47.4979)')
    ),
    (
        'b6d1e2c3-4f5a-6b7c-8d9e-0f1a2b3c4d5e',
        'marci',
        'Marci Nagy',
        'https://picsum.photos/seed/marci/200',
        'https://marci.example.com',
        NOW(),
        ARRAY ['comments'],
        ST_GeogFromText('SRID=4326;POINT(19.0745 47.4974)')
    ),
    (
        'c7e8f9a0-1b2c-3d4e-5f60-7a8b9c0d1e2f',
        'zsofi',
        'Zsofi Szabo',
        'https://picsum.photos/seed/zsofi/200',
        NULL,
        NOW(),
        ARRAY ['profile'],
        ST_GeogFromText('SRID=4326;POINT(19.0550 47.5150)')
    ),
    (
        'd1e2f3a4-b5c6-4d7e-8f90-a1b2c3d4e5f6',
        'tesztfife',
        'Teszt Fife',
        'https://picsum.photos/seed/teszt/200',
        NULL,
        NOW(),
        ARRAY ['map','comments'],
        ST_GeogFromText('SRID=4326;POINT(19.0400 47.5000)')
    );
-- Contacts (linked to authors via the same UUIDs as profiles)
INSERT INTO public.contacts (id, type, data, title, public, author)
VALUES (
        1001,
        'TEL',
        '+36 30 123 4567',
        'Telefon',
        true,
        'a3f8b9f2-3b1a-4a49-9a27-3e7f0e9d1c01'
    ),
    (
        1002,
        'EMAIL',
        'hello@luna.dev',
        'E-mail',
        true,
        'a3f8b9f2-3b1a-4a49-9a27-3e7f0e9d1c01'
    ),
    (
        1003,
        'WEB',
        'https://luna.dev',
        'Web',
        true,
        'a3f8b9f2-3b1a-4a49-9a27-3e7f0e9d1c01'
    ),
    (
        1004,
        'EMAIL',
        'contact@marci.example.com',
        'E-mail',
        true,
        'b6d1e2c3-4f5a-6b7c-8d9e-0f1a2b3c4d5e'
    );
-- Buziness entries (geography; images are text[]). embedding left NULL intentionally
INSERT INTO public.buziness (
        id,
        title,
        description,
        author,
        images,
        location,
        radius,
        "defaultContact",
        embedding,
        embedding_text,
        created_at
    )
VALUES (
        2001,
        'Helyi Pékseg $ kovaszos $ pékség $ kenyér',
        'Kovászos kenyér és péksütik minden nap.',
        'a3f8b9f2-3b1a-4a49-9a27-3e7f0e9d1c01',
        ARRAY ['https://picsum.photos/seed/bread1/400','https://picsum.photos/seed/bread2/400'],
        ST_GeogFromText('SRID=4326;POINT(19.0405 47.4985)'),
        200,
        1001,
        ARRAY [-0.0029907227,0.08569336,-0.046722412,-0.0031032562,0.009178162,-0.008415222,0.047302246,-0.023590088,0.003042221,-0.047454834,0.03152466,-0.021911621,-0.1071167,0.018829346,0.01574707,-0.036895752,0.012237549,-0.07519531,-0.018417358,-0.03414917,-0.0056762695,-0.017166138,0.049041748,-0.05923462,0.084350586,0.007911682,-0.019897461,0.036865234,-0.07952881,0.07330322,0.015991211,0.025039673,0.013412476,0.044921875,-0.0101623535,-0.023239136,0.083862305,0.031188965,0.119384766,0.0024738312,0.019332886,0.0003516674,-0.054016113,0.014442444,-0.082458496,0.0029335022,0.026504517,0.07342529,-0.064941406,-0.026992798,0.031829834,-0.006286621,0.015930176,-0.02041626,0.025054932,0.024475098,-0.017501831,0.10858154,-0.023086548,0.0006117821,-0.07891846,-0.038391113,-0.06323242,0.007789612,0.01473999,-0.012168884,-0.028671265,0.046661377,0.023788452,0.010612488,-0.019363403,-0.0076141357,-0.040649414,0.018981934,0.049438477,-0.0007843971,0.0012969971,-0.032440186,0.014289856,-0.0129852295,0.031463623,0.011047363,0.08441162,-0.02532959,-0.045013428,0.008323669,-0.015823364,-0.09649658,0.020324707,-0.02243042,0.032989502,0.008674622,-0.02180481,-0.0052757263,0.058563232,-0.027526855,0.00932312,0.00045323372,0.062316895,0.059417725,-0.14550781,-0.13122559,-0.03967285,-0.0047950745,0.08026123,0.11810303,-0.048858643,-0.012878418,0.007171631,-0.15673828,-0.029373169,-0.016174316,0.055847168,-0.03390503,-0.056549072,0.030395508,-0.004219055,-0.0287323,0.0496521,-0.00038981438,-0.0357666,-0.08905029,0.035583496,-0.029052734,0.010055542,-0.019256592,0.026412964,-0.037384033,-0.045684814,0.05999756,-0.013473511,-0.0073013306,-0.015090942,0.09832764,0.057678223,-0.029205322,0.028533936,0.06121826,-0.0395813,0.072387695,-0.06768799,-0.007865906,0.034729004,-0.04623413,0.018112183,0.004398346,-0.038879395,-0.01701355,0.021362305,-0.021270752,-0.00022780895,-0.013687134,-0.025268555,-0.07196045,0.041870117,-0.0440979,-0.05029297,-0.034423828,0.05065918,0.07885742,-0.010063171,0.03643799,0.017105103,0.058746338,0.007789612,-0.017593384,-0.023132324,-0.06402588,-0.007522583,0.037384033,-0.05142212,-0.019348145,-0.0079574585,-0.015899658,-0.06304932,0.07330322,0.05569458,-0.005004883,0.032470703,0.08380127,-0.017242432,0.017501831,0.015823364,-0.0021095276,-0.011161804,-0.083618164,0.00207901,0.02128601,0.09698486,-0.03363037,0.036071777,-0.046203613,-0.013389587,-0.014694214,0.07373047,-0.048980713,-0.018295288,0.022018433,-0.024902344,0.041046143,-0.010360718,-0.03326416,-0.021438599,-0.04260254,0.034240723,-0.046661377,0.03463745,0.023513794,-0.0035114288,-0.023101807,0.07495117,0.06549072,0.020828247,-0.011756897,0.016479492,0.021392822,-0.0061454773,0.027786255,0.0592041,0.025283813,0.13049316,-0.013938904,0.0018167496,-0.031234741,0.01600647,0.00097084045,-0.0079956055,-0.0011234283,-0.005970001,0.029708862,0.036071777,-0.03918457,-0.03289795,-0.09832764,-0.05758667,-0.07525635,-0.01638794,0.0031356812,-0.029571533,-0.01234436,0.03967285,0.090148926,-0.076538086,-0.038116455,-0.013877869,-0.0044403076,-0.03439331,-0.0052871704,-0.024307251,-0.079833984,-0.03274536,0.048858643,0.0513916,-0.012924194,-0.0023345947,0.014503479,0.09197998,0.0135269165,0.009811401,0.054595947,-0.020858765,-0.02468872,-0.052124023,-0.02607727,-0.014862061,-0.0209198,-0.02130127,-0.021102905,-0.051940918,-0.005622864,0.07458496,-0.022613525,-0.0541687,0.018692017,0.078063965,0.031951904,-0.00045204163,0.016586304,0.0025482178,0.02709961,-0.02444458,-0.015914917,-0.008552551,0.026260376,-0.02281189,0.06842041,-0.06213379,0.040039062,0.025985718,-0.05960083,0.039764404,-0.07318115,0.046020508,0.01713562,-0.030685425,0.03488159,0.056427002,0.0892334,0.091796875,0.07324219,-0.018478394,-0.058929443,-0.048950195,0.043151855,-0.022979736,-0.021438599,-0.008224487,0.031280518,-0.10522461,-0.0103302,0.017822266,-0.014289856,0.015457153,-0.041259766,-0.07525635,0.033081055,-0.05529785,0.035705566,-0.00091838837,0.00040459633,-0.044433594,-0.04547119,-0.125,-0.07757568,0.044006348,0.004196167,0.03173828,0.056243896,0.1262207,0.020706177,-0.015083313,-0.024154663,0.0055732727,-0.010292053,0.0006046295,-0.018173218,0.029556274,0.06201172,-0.02947998,-0.0030269623,0.013923645,-0.020980835,-0.03866577,-0.00036597252,-0.049621582,0.037750244,0.02406311,-0.004219055,-0.013694763,0.010383606,0.0007753372,0.033233643,0.009536743,0.06060791,0.056427002,-0.09967041,-0.088012695,-0.005531311,0.018508911,0.05456543,0.017364502,-0.01802063,-0.031829834,0.026031494,0.084472656,0.006389618,-0.030792236,-0.04888916,0.010009766,-0.07879639,-0.0814209,0.021072388,0.00894928,0.0013093948,-0.007762909,0.010978699,0.012878418,-0.004081726,0.016357422,-0.02859497,0.018325806,-0.039489746,-0.07550049,-0.038360596,-0.060638428,-0.004749298,0.024490356,-0.019348145,-0.044799805,-0.012634277,-0.05557251,-0.0063171387,0.014953613,0.008346558,0.0025939941,0.018066406,0.012924194,0.012611389,0.02230835,0.05886841,-0.085632324,0.016921997,-0.009254456,-0.070129395,-0.025650024,-0.06878662,0.021072388,-0.13891602,-0.042388916,-0.0010490417,0.011192322,0.029678345,0.1105957,-0.05718994,0.027938843,0.017547607,0.048675537,0.09442139,-0.03604126,-0.03253174,0.044769287,-0.04788208,0.00022470951,0.006526947,0.0014219284,0.023376465,0.046936035,0.02658081,0.00705719,0.056915283,-0.009590149,-0.001206398,0.07598877,0.015014648,0.025039673,-0.078186035,0.0058021545,0.005126953,0.07574463,0.0904541,0.015701294,-0.053100586,0.0066719055,-0.0069618225,0.038635254,-0.06591797,0.0118637085,0.03137207,0.032928467,-0.047698975,0.016204834,0.022354126,0.028274536,0.016494751,0.052642822,-0.034088135,0.028121948,0.011329651,0.060424805,-0.014266968,0.0073928833,-0.016189575,-0.0070877075,-0.055603027,-0.04840088,0.006679535,-0.02482605,-0.0076942444,-0.013008118,-0.038238525,0.021972656,0.010910034,-0.038726807,-0.01838684,-0.004886627,0.0032691956,-0.037017822,0.0054740906,0.012565613,0.05206299,-0.056152344,-0.029678345,0.032562256,-0.005104065,-0.0010471344,0.022109985,0.014465332,-0.052642822,0.101989746,0.03302002,-0.007675171,0.015396118,0.024124146,0.020767212,0.026947021,-0.00075769424,0.07122803,-0.030212402,0.01889038,0.04559326,-0.018341064,0.051208496,-0.04675293,-0.024215698,0.024765015,-0.055664062,0.0013837814,-0.004055023,0.049438477,0.07220459,0.05441284,-0.03817749],
        'kovaszos, pékség, kenyér',
        NOW() - INTERVAL '7 days'
    ),
    (
        2002,
        'Kávé Sarki $ kávé $ kávézó $ süti',
        'Specialty kávék és sütemények.',
        'b6d1e2c3-4f5a-6b7c-8d9e-0f1a2b3c4d5e',
        ARRAY ['https://picsum.photos/seed/coffee1/400'],
        ST_GeogFromText('SRID=4326;POINT(19.0540 47.4970)'),
        150,
        1004,
        ARRAY [0.028579712,0.026504517,-0.049865723,-0.0049743652,0.070251465,-0.0060195923,0.057617188,-0.019470215,-0.02470398,0.00033402443,0.030807495,0.008407593,-0.053741455,0.012687683,0.0021152496,-0.04812622,-0.006088257,-0.020370483,0.0057754517,-0.0715332,0.052124023,0.017868042,0.015136719,-0.0362854,0.0552063,0.0149383545,-0.026824951,0.036865234,-0.03894043,0.027023315,-0.009086609,-0.036346436,0.007171631,0.030349731,0.03744507,-0.01826477,0.09411621,0.050231934,0.07312012,-0.027648926,0.090270996,-0.07562256,-0.076171875,0.025741577,-0.08453369,-0.021377563,-0.06756592,0.022018433,-0.10064697,-0.040039062,-0.037353516,-0.054473877,0.004283905,0.0052833557,0.038146973,-0.008506775,0.035858154,0.101989746,-0.031204224,0.044555664,-0.095214844,0.019973755,-0.05154419,0.018875122,-0.009307861,-0.037902832,-0.031677246,0.027801514,0.006706238,0.039001465,-0.010597229,-0.03250122,0.0052871704,0.077697754,0.055267334,-0.022247314,0.06982422,-0.029800415,0.0045928955,-0.09301758,0.032836914,-0.0031642914,0.06890869,2.6345253e-05,0.0112838745,0.007850647,-0.027999878,-0.12463379,0.029556274,0.027435303,-0.016357422,-0.041870117,-0.055267334,-0.0141067505,0.016448975,-0.060791016,0.051208496,-0.0093307495,0.05038452,-0.0048294067,-0.12780762,-0.11553955,-0.004650116,-0.08984375,0.067993164,0.01953125,-0.049560547,-0.05886841,-0.015037537,-0.13427734,-0.015563965,-0.026138306,0.028823853,0.011398315,0.0054130554,0.008834839,0.013114929,-0.05444336,0.03817749,-0.0031204224,-0.0058288574,-0.08544922,0.0904541,0.015731812,-0.0064048767,0.036315918,-0.002960205,0.006099701,-0.012077332,-0.018600464,0.013206482,0.018814087,-0.021743774,0.049865723,0.088012695,-0.060333252,0.0036582947,0.042266846,-0.076049805,0.052703857,-0.054718018,0.0077323914,0.0055389404,-0.052368164,-0.009170532,-0.020446777,0.025970459,-0.0011587143,0.03262329,0.048828125,0.008430481,-0.009803772,-0.085876465,-0.060150146,0.03945923,-0.011764526,-0.022918701,-0.046783447,0.038513184,0.07904053,0.019104004,0.0574646,-0.021148682,0.0038146973,0.055419922,-0.05114746,-0.053009033,-0.10131836,-0.066589355,0.056152344,0.045837402,-0.039916992,0.0013170242,-0.043121338,-0.0435791,0.034851074,0.047912598,-0.026184082,0.010955811,0.038024902,-0.052337646,0.058441162,-0.017288208,-0.036193848,-0.009567261,-0.09979248,0.0043411255,0.02407837,0.11431885,-0.112854004,0.047943115,0.021438599,-0.009239197,-0.013206482,0.043182373,-0.007019043,-0.04638672,0.04397583,-0.05569458,0.017425537,0.021820068,-0.068847656,-0.0546875,0.0715332,0.028762817,0.015899658,0.014877319,-0.0049591064,0.012557983,-0.017929077,0.030883789,0.06488037,0.020706177,-0.037078857,-0.0074768066,-0.0038700104,0.014755249,0.03253174,0.020004272,-0.0068893433,0.105529785,-0.04486084,0.031204224,0.030792236,0.054138184,0.029464722,-0.0146865845,0.047546387,0.021194458,-0.046813965,0.018417358,-0.04220581,-0.09020996,-0.09020996,-0.017700195,-0.048065186,-0.041748047,-0.05609131,-0.062438965,0.0062332153,0.02557373,0.0848999,-0.079711914,-0.048675537,-0.020812988,-0.0181427,0.032043457,0.016845703,0.02079773,0.017868042,-0.070007324,-0.017715454,0.02508545,0.052703857,-0.023773193,0.016143799,0.025482178,0.012260437,0.013244629,0.06341553,0.020629883,0.03866577,-0.070617676,0.065979004,-0.058929443,0.011955261,-0.017196655,-0.04623413,-0.06530762,-0.00843811,0.06951904,-0.052368164,0.0006966591,0.028366089,0.0072746277,0.0064926147,0.041229248,0.0395813,0.021728516,-0.019607544,-0.033935547,-0.040161133,0.020828247,0.04333496,-0.07989502,0.05014038,-0.0060043335,0.0020866394,0.0049858093,-0.016326904,-0.01398468,-0.053100586,0.022598267,0.019622803,0.009490967,0.004638672,0.060638428,0.021438599,0.02470398,0.00415802,-0.056152344,-0.028518677,-0.03967285,0.003698349,0.04623413,0.053222656,0.0056381226,0.074035645,-0.06695557,0.0012159348,-0.009300232,0.035369873,0.031921387,0.03640747,-0.093811035,0.008369446,-0.01965332,0.022201538,0.01084137,-0.03756714,0.00340271,-0.059906006,-0.07019043,-0.10101318,0.041992188,0.02130127,0.05517578,-0.007598877,0.09362793,-0.038848877,-0.033599854,0.009643555,0.04559326,0.03237915,0.015701294,0.037597656,0.0014591217,0.026977539,-0.044830322,-0.041748047,0.054626465,0.022735596,-0.03866577,0.040802002,-0.031463623,0.01626587,-0.019729614,-0.04034424,0.045135498,0.0146484375,0.0010461807,-0.024337769,-0.0038871765,0.03930664,0.06335449,-0.049041748,-0.02482605,-0.06185913,0.017028809,0.03262329,0.020095825,-0.00056123734,-0.036956787,0.016052246,0.10101318,0.005973816,-0.03375244,-0.015098572,-0.024612427,-0.040374756,-0.06561279,0.022079468,-0.07495117,-0.020187378,-0.07519531,0.02204895,0.018203735,-0.040283203,0.062347412,-0.016067505,0.027236938,-0.074279785,-0.14782715,0.0077400208,-0.014205933,0.0026054382,0.0093688965,-0.022994995,-0.048583984,-0.013877869,-0.0881958,0.03378296,-0.041046143,-0.02709961,-0.0037078857,0.042022705,0.021072388,0.005706787,0.011306763,0.009429932,-0.068237305,0.06097412,-0.011428833,-0.0053367615,-0.02067566,-0.050964355,-0.008506775,-0.08648682,-0.04425049,0.017333984,0.047668457,-0.060791016,0.058502197,-0.032287598,0.0095825195,0.0848999,0.0713501,0.041168213,0.012542725,0.04385376,0.058258057,-0.04284668,-0.03781128,0.056518555,-0.08154297,0.026657104,-0.035186768,0.022857666,0.028518677,-0.04272461,-0.007843018,-0.011787415,0.0013866425,-0.01939392,0.023269653,-0.0692749,0.0043563843,0.05355835,0.027145386,0.05380249,-0.03250122,-0.019714355,-0.06072998,-0.07940674,0.053466797,-0.008972168,0.025497437,0.023956299,0.05657959,-0.008552551,0.005004883,-0.012207031,-0.045318604,-0.055511475,0.056884766,-0.020385742,0.042755127,0.08917236,0.0037937164,-0.0725708,0.072143555,0.010032654,-0.037506104,-0.07098389,-0.057769775,-0.014503479,-0.04562378,-0.04815674,0.013885498,0.025924683,0.006866455,-0.03955078,-0.029373169,-0.0044059753,0.010383606,0.0048103333,0.028640747,0.031280518,0.0069732666,0.035308838,-0.006828308,-0.01133728,0.005519867,0.04650879,0.055664062,0.003829956,0.049468994,-0.019836426,0.021347046,0.07928467,0.037231445,0.017333984,-0.012687683,-0.051849365,-0.027191162,0.008308411,0.053100586,-0.04257202,0.017868042,-0.0073280334,-0.012069702,0.03778076,-0.015380859,-0.017944336,0.018341064,-0.038482666,0.023010254,0.0027122498,-0.027923584,0.04232788,0.0066871643,0.006729126],
        'kávé, kávézó, süti',
        NOW() - INTERVAL '3 days'
    ),
    (
        2003,
        'Zöld Piac $ piac $ zöldség $ helyi',
        'Hétvégi termelői piac helyi árusokkal.',
        'c7e8f9a0-1b2c-3d4e-5f60-7a8b9c0d1e2f',
        ARRAY ['https://picsum.photos/seed/market/400'],
        ST_GeogFromText('SRID=4326;POINT(19.0600 47.5000)'),
        500,
        NULL,
        ARRAY [0.005405426,0.04244995,-0.027694702,0.020736694,0.02279663,0.022537231,0.03237915,-0.01309967,-0.013580322,-0.093688965,0.033172607,0.057373047,-0.03704834,-0.06573486,0.022979736,0.016662598,0.0116119385,-0.042053223,0.008140564,-0.013793945,0.041748047,0.014030457,-0.02835083,0.017166138,0.02319336,-0.009010315,-0.056793213,0.026046753,0.031066895,0.038360596,0.033172607,0.02659607,0.056671143,0.024505615,-0.027252197,0.025177002,0.053985596,0.038848877,0.036834717,-0.02268982,0.06311035,0.017532349,-0.02444458,-0.0010290146,-0.09613037,0.04815674,0.042053223,-0.026931763,-0.08477783,-0.04260254,-0.017440796,-0.042999268,0.02178955,-0.02758789,0.043548584,0.014503479,-0.005104065,0.12463379,-0.06506348,0.02973938,-0.010894775,0.016052246,-0.07867432,0.040618896,-0.01751709,0.030334473,-0.05368042,0.026229858,-0.04031372,0.0075263977,0.017547607,-0.059570312,-0.08343506,-0.050872803,0.022521973,-0.0077667236,0.04425049,0.0068855286,0.001253128,-0.058776855,0.05328369,-0.01512146,-0.0069351196,-0.026733398,-0.0033950806,0.005657196,-0.00381279,-0.119384766,0.0029277802,-0.014328003,-0.03274536,-0.018814087,-0.08013916,0.041931152,0.032958984,-0.08880615,0.03540039,0.04248047,0.04119873,0.00074625015,-0.06585693,-0.097717285,-0.040740967,-0.08190918,0.106933594,0.070129395,-0.03488159,-0.022018433,0.042388916,-0.11102295,0.0345459,-0.078552246,0.045166016,-0.0040664673,-0.053497314,0.03933716,0.02923584,-0.060821533,0.03491211,-0.010810852,-0.09460449,-0.11859131,0.09112549,0.0023422241,0.04989624,-0.016967773,-0.0027256012,-0.048065186,0.039886475,0.042297363,-0.005859375,0.05206299,-0.013038635,0.054901123,0.073791504,-0.01222229,0.024734497,0.022827148,-0.010276794,-0.0007586479,-0.10101318,-0.016235352,-0.008003235,-0.020599365,-0.08203125,-0.05267334,0.013122559,-0.06890869,-0.030685425,0.014953613,0.053375244,-0.07489014,-0.051513672,-0.08453369,0.06677246,-0.022888184,-0.051696777,-0.10913086,-0.04425049,0.041625977,-0.01864624,-0.0064086914,-0.051086426,0.040893555,0.07116699,-0.07019043,-0.0881958,-0.06304932,-0.01689148,0.043762207,0.006263733,-0.030685425,-0.0075645447,0.0039100647,-0.028182983,0.033477783,0.089660645,0.0034923553,-0.032226562,0.033416748,0.010650635,0.0026168823,0.029083252,0.0063934326,-0.03314209,-0.009140015,0.019210815,0.012916565,0.06323242,-0.012420654,-0.0014467239,0.01210022,0.00248909,-0.0335083,-0.015808105,-0.03414917,-0.061187744,0.058807373,-0.008865356,0.04260254,-0.030136108,0.010765076,-0.008552551,0.06573486,-0.028900146,0.041137695,0.011993408,0.060272217,-0.019546509,-0.058624268,0.056915283,0.07110596,-0.019927979,-0.00983429,0.007545471,0.037750244,0.0038490295,0.019973755,-0.018875122,-0.0099105835,0.09057617,-0.043273926,-0.005847931,-0.041290283,-0.0045204163,0.005317688,0.0012140274,0.017868042,-0.032348633,-0.009231567,-0.006412506,-0.040039062,-0.08557129,-0.0635376,-0.04373169,-0.0066947937,-0.06744385,-0.013069153,-0.00027608871,0.017120361,0.03024292,0.048858643,-0.087402344,0.019546509,-0.0413208,-0.0075531006,0.035095215,0.082336426,0.026290894,-0.023651123,-0.059661865,-0.109802246,0.03543091,0.044158936,-0.0020713806,0.022521973,0.02986145,-0.015716553,-0.03314209,0.014373779,-0.04058838,0.028396606,-0.038513184,-0.029953003,0.014831543,-0.0009012222,-0.04574585,0.028259277,-0.037994385,-0.035888672,0.04324341,-0.055480957,-0.01676941,0.08911133,0.056488037,0.08081055,0.04296875,-0.012138367,0.009086609,-0.02166748,0.032348633,-0.044036865,-0.026748657,0.068603516,-0.0579834,0.062316895,-0.0005850792,-0.05581665,9.560585e-05,-0.033599854,0.005756378,-0.009819031,0.008346558,-0.012268066,0.000682354,0.049804688,0.054870605,0.022064209,-0.013717651,0.080444336,0.012718201,-0.040618896,-0.034057617,0.026626587,0.04815674,0.06665039,-0.019546509,0.0362854,-0.07043457,-0.06149292,0.024932861,0.016525269,0.02041626,-0.056365967,-0.10479736,0.0040779114,-0.064697266,0.02229309,0.03665161,-0.018478394,0.009361267,-0.07324219,-0.12561035,-0.030395508,0.03439331,0.043151855,-0.027053833,0.050354004,0.0871582,-0.014701843,-0.06762695,-0.0071105957,0.0074882507,0.037078857,0.010276794,-0.0287323,0.044555664,0.039520264,0.009017944,-0.03552246,0.0501709,-0.033447266,-0.05480957,-0.027954102,-0.0063209534,-0.030685425,-0.039916992,0.018249512,0.015174866,0.06628418,0.00064849854,-0.014251709,-0.014549255,0.04675293,0.10650635,-0.01751709,-0.06524658,-0.050476074,0.017623901,-0.052764893,0.013748169,-0.020339966,0.03479004,0.010559082,0.06524658,0.047668457,-0.08215332,0.050689697,0.06817627,0.017028809,-0.012550354,0.03552246,-0.055664062,-0.0129470825,-0.0826416,0.0005378723,0.034057617,-0.010070801,0.04309082,-0.018417358,0.0435791,-0.031829834,-0.09881592,0.015380859,-0.00762558,0.013580322,0.033355713,-0.04849243,-0.03463745,-0.036102295,-0.044677734,-0.06567383,-0.013427734,-0.019821167,-0.0135269165,-0.0018568039,0.04272461,0.03137207,0.005783081,0.06677246,-0.106933594,0.0791626,-0.05090332,-0.011665344,-0.024887085,-0.051452637,-0.04006958,-0.072631836,0.02217102,-0.07397461,0.002916336,-0.052001953,0.008911133,0.02166748,-0.01638794,0.056762695,0.01247406,-0.0118637085,-0.018249512,-0.05682373,0.076660156,-0.06829834,-0.023101807,0.05505371,-0.04550171,-0.0287323,0.007472992,0.010147095,-0.0008969307,-0.038482666,-0.0025558472,-0.027389526,0.0181427,-0.006362915,0.007369995,-0.0014371872,0.036743164,-0.006412506,0.004207611,-0.00920105,-0.008140564,0.009529114,0.018997192,-0.001543045,-0.017990112,-0.016464233,0.023483276,0.02709961,0.055603027,0.044891357,0.0124435425,0.059295654,-0.024230957,0.01979065,-0.0052108765,0.0011940002,0.092285156,0.059417725,0.070495605,-0.017959595,0.064575195,-0.016860962,-0.021362305,-0.070739746,-0.04675293,0.0070991516,0.004749298,-0.020233154,-0.0010480881,0.03488159,-0.027359009,-0.009750366,-0.0826416,0.0047798157,-0.01638794,0.0020141602,0.022415161,-0.02973938,0.025482178,0.037475586,-0.032714844,-0.07757568,-0.041534424,0.043914795,0.059295654,0.04827881,0.017974854,-0.04537964,0.07946777,0.024993896,-0.027954102,0.08239746,-0.0463562,0.037994385,-0.0013751984,0.02053833,-0.020492554,-0.07269287,-0.08251953,-0.0135269165,-0.01499939,0.03845215,-0.0259552,0.043792725,0.009292603,-0.03213501,0.064086914,-0.05871582,-0.017837524,-0.024887085,0.04083252,0.024749756],
        'piac, zöldség, helyi',
        NOW() - INTERVAL '10 days'
    ),
    (
        2004,
        'Kézműves Műhely $ kézműves $ kerámia $ tárgyak',
        'Egyedi kerámia és kézműves tárgyak.',
        'a3f8b9f2-3b1a-4a49-9a27-3e7f0e9d1c01',
        ARRAY ['https://picsum.photos/seed/craft/400'],
        ST_GeogFromText('SRID=4326;POINT(19.0300 47.4950)'),
        300,
        1002,
        ARRAY [0.0077819824,0.01789856,-0.024261475,-0.054595947,0.06323242,0.05029297,0.03427124,-0.014389038,0.0046195984,-0.068115234,0.050750732,-0.018341064,-0.028152466,-0.026672363,0.06036377,-0.022735596,-0.056152344,-0.07336426,-0.050598145,-0.087646484,0.061187744,-0.030899048,-0.017532349,-0.0066452026,0.015487671,0.013175964,0.013076782,0.018951416,-0.03643799,0.023834229,0.01864624,0.03265381,0.044433594,0.013977051,0.055847168,0.0066337585,0.04852295,0.05609131,0.03805542,-0.034057617,0.042541504,-0.014427185,0.01914978,0.027023315,-0.026000977,-0.025604248,-0.019577026,0.0024051666,-0.044708252,0.0158844,0.005428314,-0.08532715,0.010154724,0.0044784546,0.04159546,0.009757996,-0.0048828125,0.17224121,-0.022476196,0.045074463,-0.00065231323,-0.03778076,-0.0670166,0.010688782,-0.0637207,-0.029678345,-0.021850586,-0.0034122467,0.0004069805,0.017593384,0.07824707,-0.08135986,-0.044555664,0.0113220215,0.0680542,0.024002075,0.017700195,0.023590088,-0.0050735474,-0.10668945,0.061340332,-0.023223877,0.08312988,0.012741089,0.00063467026,0.0049819946,-0.010986328,-0.13085938,0.034057617,-0.07574463,0.013679504,0.013465881,-0.00541687,0.04296875,0.03756714,-0.0022239685,-0.00080633163,-0.0137786865,0.042785645,0.0592041,-0.061065674,-0.062408447,-0.0044555664,-0.01171875,0.044006348,0.039367676,-0.039367676,0.0034008026,-0.012275696,-0.087402344,0.027801514,-0.032684326,0.03286743,-0.03475952,-0.023620605,0.05529785,-0.04168701,-0.08880615,-0.0036849976,-0.005706787,-0.03866577,-0.09210205,0.061462402,0.027755737,0.025604248,0.044006348,-0.068603516,-0.011268616,0.0004916191,0.06335449,-0.0016069412,-0.052703857,-0.014678955,-3.6358833e-06,0.04031372,-0.05316162,0.036834717,0.06616211,-0.039611816,0.0061683655,-0.097351074,-0.021331787,-0.028549194,-0.05734253,-0.06185913,-0.02368164,0.022354126,0.006324768,-0.015327454,0.062683105,-0.009986877,0.037994385,-0.10119629,-0.034332275,-0.01272583,-0.06994629,-0.062408447,-0.027954102,-0.0335083,0.062438965,-0.026931763,-0.0077323914,-0.03591919,0.025024414,-0.054260254,-0.045776367,-0.035186768,-0.013130188,-0.05404663,0.08099365,-0.0011844635,-0.06488037,0.0055999756,0.042053223,0.029220581,0.0038776398,0.074035645,-0.015563965,-0.039978027,0.023803711,0.02078247,0.036346436,-0.0034561157,0.031173706,0.004550934,0.012771606,-0.015792847,-0.027297974,0.08984375,0.048095703,-0.035827637,-0.08093262,-0.04776001,0.0014019012,0.027175903,-0.07385254,-0.042877197,0.00440979,-0.02999878,-0.003932953,-0.0023460388,-0.029144287,0.05569458,0.0033779144,-0.037994385,-0.07470703,0.0046195984,-0.0011711121,-0.05911255,0.009223938,0.042541504,0.081604004,0.009422302,0.017456055,0.009284973,-0.0071258545,-0.012413025,0.03475952,0.003622055,-0.018508911,0.049102783,-0.07733154,-0.042053223,0.009979248,0.028121948,0.040374756,-0.02420044,0.05706787,-0.024520874,0.02330017,-0.029129028,-0.013305664,-0.033416748,-0.10083008,-0.07128906,0.06512451,-0.033233643,-0.033172607,-0.035003662,0.06567383,0.017913818,0.08288574,-0.0826416,0.04385376,-0.04647827,0.006958008,0.034698486,0.04296875,0.032958984,-0.007827759,0.018325806,0.0005469322,0.070373535,0.03930664,-8.6307526e-05,0.050323486,0.08795166,-0.009223938,0.061401367,0.01626587,-0.008728027,0.013702393,-0.018707275,0.029800415,0.03237915,0.01550293,-0.039489746,-0.054595947,-0.04916382,-0.04373169,0.03793335,-0.029525757,0.0016241074,-0.052642822,0.055908203,0.06555176,0.020889282,0.10192871,0.053710938,-0.028121948,0.040100098,-0.016845703,0.057556152,0.09063721,-0.06085205,0.06616211,-0.024261475,0.041809082,-0.020050049,0.038360596,0.02760315,-0.078552246,-0.025405884,0.02418518,0.00121212,0.041046143,0.1071167,0.015716553,0.061706543,-0.02330017,-0.0035915375,-0.04522705,0.003900528,-0.040893555,0.0062446594,0.046569824,0.035583496,0.072265625,-0.018859863,-0.031219482,0.04714966,-0.050231934,-0.021438599,-0.05960083,-0.11462402,0.014404297,-0.061462402,0.053253174,0.02281189,-0.03930664,-0.011009216,-0.0107421875,-0.047332764,-0.0362854,0.007537842,-0.044036865,0.02947998,0.016662598,0.08746338,-0.049468994,-0.046722412,-0.050811768,0.029373169,-0.042877197,-0.043151855,-0.015930176,-0.027282715,0.044525146,0.017959595,-0.0070381165,-0.0073890686,0.01902771,-0.068725586,0.004386902,-0.03439331,-0.052856445,0.0259552,-0.039978027,0.010818481,0.047088623,0.00084781647,-0.06591797,-0.06756592,0.043518066,0.07293701,-0.07312012,0.032287598,-0.062805176,-0.053710938,0.043762207,-0.029953003,-0.025680542,0.068847656,-0.009841919,0.093444824,0.04711914,-0.037994385,-0.015098572,-0.03643799,-0.014389038,-0.011222839,0.015853882,-0.04849243,-0.064331055,-0.017120361,0.010231018,0.0038928986,-0.052612305,0.05456543,-0.024291992,0.03439331,-0.07421875,-0.07373047,-0.016479492,-0.04550171,0.03353882,0.01991272,0.023223877,-0.10211182,-0.05859375,-0.04925537,0.0033168793,0.016571045,0.012954712,-0.05709839,-0.048675537,0.0017719269,0.045654297,-0.03277588,0.040924072,-0.09613037,0.061645508,-0.026275635,-0.016159058,0.01586914,-0.057861328,0.01713562,-0.022735596,-0.05065918,0.0020275116,0.013679504,-0.046936035,0.09869385,0.056762695,0.008552551,-0.045135498,0.10449219,0.028427124,-0.020690918,-0.00039696693,0.07006836,-0.018051147,-0.011833191,0.00894928,-0.10058594,0.058563232,0.023834229,0.008583069,-0.016983032,-0.04611206,-0.038085938,-0.021560669,-0.0076179504,0.011116028,0.040985107,-0.018417358,-0.038360596,0.02508545,0.02810669,0.039611816,0.02218628,-0.067871094,0.05645752,-0.008995056,-0.02281189,-0.01725769,-0.025909424,-0.0023231506,-0.021438599,0.01159668,0.032470703,-0.001584053,-0.018157959,0.00036382675,0.0051345825,-0.05795288,0.07043457,0.08734131,0.006046295,-0.03817749,-0.01134491,0.018753052,-0.070251465,-0.040100098,-0.046966553,-0.0018033981,-0.03366089,-0.021575928,0.031173706,0.050048828,0.009719849,0.04840088,-0.0859375,0.02720642,-0.006881714,-0.0287323,0.014839172,0.030075073,0.0045928955,-0.04522705,-0.019989014,-0.021026611,0.020477295,0.07611084,0.043395996,0.059661865,0.06512451,-0.025772095,0.034088135,0.026397705,0.009727478,0.049713135,-0.042236328,-0.0004503727,-0.047424316,0.007320404,0.023880005,-0.083862305,-0.068115234,0.02420044,0.004131317,-0.00087451935,-0.05456543,-0.04650879,0.08795166,-0.03366089,0.010292053,-0.033996582,-0.028549194,0.019088745,-0.004585266,0.040924072],
        'kézműves, kerámia',
        NOW() - INTERVAL '1 day'
    ),
    (
        2005,
        'Futó Klub $ sport $ futás $ közösség',
        'Heti közösségi futások a Dunaparton.',
        'b6d1e2c3-4f5a-6b7c-8d9e-0f1a2b3c4d5e',
        ARRAY ['https://picsum.photos/seed/run/400'],
        ST_GeogFromText('SRID=4326;POINT(19.0700 47.5050)'),
        1000,
        NULL,
        ARRAY [0.03857422,0.03829956,-0.049835205,0.015777588,0.078186035,0.014152527,-0.022842407,0.00724411,-0.030517578,0.013771057,0.090148926,0.010391235,0.046081543,-0.05999756,0.033996582,-0.032989502,-0.059417725,-0.028533936,0.039001465,-0.09020996,-0.035949707,-0.010284424,-0.04067993,-0.07684326,-0.023071289,-0.003540039,-0.018310547,0.057128906,-0.000415802,0.012107849,0.046813965,-0.0016040802,-0.008255005,0.04486084,-0.011177063,0.016815186,0.12939453,-0.00050640106,0.009689331,0.009048462,0.0030498505,0.059631348,-0.059265137,0.0047454834,-0.07446289,0.01979065,-0.001408577,0.061279297,-0.056732178,-0.107421875,0.024749756,-0.072143555,0.0007429123,-0.025299072,0.034820557,-0.06719971,0.051116943,0.06866455,-0.07165527,0.06976318,-0.01713562,-0.02128601,-0.012420654,-0.026733398,0.015296936,-0.0022182465,-0.048461914,0.051330566,-0.011955261,0.0105896,-0.02923584,0.034210205,-0.048553467,-0.0345459,0.07458496,-0.043762207,0.059539795,0.04171753,-0.022827148,-0.0925293,0.031433105,0.0041770935,-0.03982544,-0.062927246,0.008331299,0.036010742,0.012771606,-0.15759277,-0.011001587,0.038208008,0.0058937073,-0.051727295,-0.008621216,0.023925781,0.029052734,-0.035247803,-0.008598328,0.00091171265,0.032043457,0.024520874,-0.11407471,-0.05999756,0.021621704,-0.0881958,0.1184082,0.039978027,0.044128418,0.013870239,-0.021194458,-0.08276367,0.030181885,-0.06616211,0.05883789,-0.0020961761,-0.05239868,0.023086548,-0.030838013,-0.051940918,0.044067383,0.039367676,0.026947021,-0.069885254,0.037109375,-0.0060195923,-0.026824951,-0.025787354,0.036468506,0.033599854,-0.04626465,0.048583984,-0.026672363,0.010719299,0.0127334595,0.04611206,0.05267334,-0.07635498,-0.031951904,0.045898438,-0.0073280334,0.03866577,-0.037506104,-0.0028953552,-0.031555176,0.01134491,-0.075927734,0.011909485,0.0009717941,-0.038208008,0.01676941,0.016296387,-0.007686615,-0.00016927719,-0.009498596,-0.032226562,0.030792236,-0.0491333,-0.0063056946,-0.052978516,-0.0065078735,-0.009628296,-0.012748718,0.012870789,0.012313843,0.072753906,-0.0010223389,-0.037994385,-0.019729614,-0.03302002,-0.038757324,0.049926758,-0.051757812,-0.039916992,-0.07299805,0.0028762817,-0.057891846,0.08453369,0.016616821,0.021835327,-0.019973755,0.00868988,-0.006084442,-0.006439209,0.011413574,-0.045806885,-0.032196045,-0.012184143,0.0045394897,0.01272583,0.08465576,-0.025665283,0.09991455,-0.05508423,0.011505127,0.011024475,-0.022888184,-0.026321411,0.0077171326,0.043792725,0.02192688,-0.005306244,-0.032928467,-0.07220459,-0.06774902,0.074035645,-0.0012578964,-0.009460449,0.044647217,0.047332764,-0.029022217,-0.045684814,0.029464722,0.05871582,0.0635376,0.048339844,0.006324768,0.020309448,0.0126953125,0.06842041,0.039031982,-0.02999878,0.06921387,-0.08294678,0.005554199,0.016067505,-0.081726074,0.025253296,0.017410278,0.023239136,-0.05441284,-0.0054740906,-0.022583008,-0.026901245,-0.13623047,-0.08770752,-0.041046143,-0.008087158,-0.010772705,0.009979248,-0.021820068,0.037475586,0.0096588135,0.11553955,-0.04611206,-0.032714844,0.06512451,-0.014160156,0.025161743,0.082214355,-0.049621582,0.017181396,0.045684814,-0.024307251,0.107177734,0.03515625,0.046173096,0.029418945,0.009468079,-0.023635864,0.0022602081,-0.014671326,-0.005466461,0.062316895,-0.025756836,0.04425049,0.03189087,-0.015670776,-0.030014038,0.03137207,-0.0023593903,-0.03552246,-0.020477295,0.024047852,-0.02255249,0.014823914,0.078308105,0.07543945,0.050933838,-0.004585266,0.04916382,0.04168701,0.0022068024,0.016479492,-0.0051231384,-0.036956787,-0.038146973,0.00036668777,-0.04510498,-0.0692749,0.0423584,0.009521484,-0.049957275,-0.033050537,-0.009429932,0.03668213,-0.0002439022,0.067993164,0.046142578,-0.008575439,0.03375244,0.035308838,-0.039154053,0.010940552,-0.027740479,-0.052642822,0.085754395,0.007587433,0.03161621,0.0028076172,-0.078308105,-0.13830566,0.029724121,-0.046905518,-0.018829346,-0.0030593872,-0.05142212,-0.044311523,-0.08154297,0.023361206,-0.021270752,-0.08898926,0.017608643,0.0016489029,-0.12658691,0.0085372925,0.026153564,-0.0395813,0.01184082,-0.011413574,0.0368042,-0.0009536743,-0.045074463,-0.037841797,-0.01637268,0.078308105,0.016342163,-0.026855469,-0.062683105,-0.024551392,0.06341553,-0.032806396,-0.0049934387,-0.062927246,-0.031829834,0.042510986,0.024276733,0.00982666,-0.008415222,-0.059448242,0.054656982,0.049072266,0.0010480881,0.026260376,0.05871582,0.035217285,0.040740967,-0.02558899,-0.014152527,-0.021514893,0.00674057,-0.018981934,0.020324707,-0.052581787,0.009414673,0.0022258759,0.0072021484,0.0463562,-0.060272217,-0.062194824,-0.0077171326,0.06933594,-0.036224365,0.06317139,-0.048187256,0.0045547485,-0.08306885,-0.0021190643,0.0058784485,-0.049682617,0.00522995,-0.0152282715,0.006011963,-0.014678955,-0.036743164,0.05117798,0.018493652,0.037109375,0.034362793,-0.032989502,-0.04940796,-0.037597656,-0.008110046,0.005054474,-0.07336426,0.00041770935,0.021148682,0.07824707,-0.028656006,-0.0068588257,-0.064453125,0.028930664,-0.033935547,0.036315918,-0.03213501,-0.056640625,-0.024505615,-0.09863281,-0.004447937,-0.017059326,-0.014427185,0.001458168,0.0072364807,0.0028686523,0.007888794,-0.009246826,0.0158844,0.074523926,0.012962341,0.054138184,-0.068603516,-0.037994385,0.04525757,0.02432251,-0.032318115,0.11029053,-0.018493652,0.022766113,0.030639648,-0.0017356873,0.04107666,-0.015045166,-0.11907959,-0.019042969,0.04727173,-0.014320374,-0.022628784,-0.072631836,0.0793457,0.02406311,-0.02897644,0.02909851,-0.012260437,-0.052825928,0.012916565,-0.05429077,0.111328125,-0.06616211,0.0011081696,0.03753662,-0.067993164,0.0033626556,-0.002073288,-0.031951904,-0.005683899,0.032440186,0.026794434,-0.051483154,0.06262207,0.021575928,0.041015625,-0.06524658,0.04562378,0.006580353,0.0078125,-0.0635376,-0.04220581,0.003850937,0.08325195,-0.009849548,0.015434265,0.015380859,0.009819031,-0.05166626,-0.025543213,0.007133484,0.028366089,0.048095703,-0.040100098,0.0026931763,0.031433105,0.022338867,-0.0473938,0.029815674,0.050933838,0.060272217,0.03366089,0.023986816,0.06890869,-0.0284729,0.024627686,0.07458496,0.042236328,0.026367188,-0.044158936,-0.016464233,0.004627228,0.013679504,-0.029418945,-0.07312012,-0.005519867,-0.008544922,-0.021743774,0.0040893555,-0.052978516,0.011352539,0.01966858,-0.046447754,0.013328552,-0.040161133,-0.047424316,0.018951416,-0.031982422,0.079711914],
        'sport, futás, közösség',
        NOW() - INTERVAL '12 hours'
    );


-- Buziness recommendations (keep authors different from buziness author)
INSERT INTO public."buzinessRecommendations" (id, author, buziness_id, created_at)
VALUES (
        2101,
        'b6d1e2c3-4f5a-6b7c-8d9e-0f1a2b3c4d5e',
        2001,
        NOW() - INTERVAL '2 days'
    ),
    (
        2102,
        'c7e8f9a0-1b2c-3d4e-5f60-7a8b9c0d1e2f',
        2002,
        NOW() - INTERVAL '1 day'
    ),
    (
        2103,
        'a3f8b9f2-3b1a-4a49-9a27-3e7f0e9d1c01',
        2003,
        NOW() - INTERVAL '5 hours'
    );
-- Posts (geography)
INSERT INTO public.posts (
        id,
        categories,
        text,
        author,
        location,
        created_at
    )
VALUES (
        2201,
        'help,tech',
        'Laptop javítási tipp kellene a XIII. kerületben.',
        'a3f8b9f2-3b1a-4a49-9a27-3e7f0e9d1c01',
        ST_GeogFromText('SRID=4326;POINT(19.0750 47.5200)'),
        NOW() - INTERVAL '3 days'
    ),
    (
        2202,
        'sport,run',
        'Csütörtök esti futás 19:00, csatlakozik valaki?',
        'b6d1e2c3-4f5a-6b7c-8d9e-0f1a2b3c4d5e',
        ST_GeogFromText('SRID=4326;POINT(19.0680 47.5060)'),
        NOW() - INTERVAL '1 day'
    ),
    (
        2203,
        'food,market',
        'Hol a legjobb termelői piac a hétvégén?',
        'c7e8f9a0-1b2c-3d4e-5f60-7a8b9c0d1e2f',
        ST_GeogFromText('SRID=4326;POINT(19.0580 47.5010)'),
        NOW() - INTERVAL '6 hours'
    );
-- Comments (free-form key for threading, e.g., "buziness:2001" or "post:2202")
INSERT INTO public.comments (id, text, author, key, image, created_at)
VALUES (
        2301,
        'Nagyon ajánlom ezt a pékséget!',
        'b6d1e2c3-4f5a-6b7c-8d9e-0f1a2b3c4d5e',
        'buziness:2001',
        NULL,
        NOW() - INTERVAL '1 day'
    ),
    (
        2302,
        'A fahéjas csiga kihagyhatatlan.',
        'c7e8f9a0-1b2c-3d4e-5f60-7a8b9c0d1e2f',
        'buziness:2001',
        NULL,
        NOW() - INTERVAL '20 hours'
    ),
    (
        2303,
        'Ott leszek a csütörtöki futáson!',
        'a3f8b9f2-3b1a-4a49-9a27-3e7f0e9d1c01',
        'post:2202',
        NULL,
        NOW() - INTERVAL '12 hours'
    ),
    (
        2304,
        'Lehet viszek plusz vizet a csapatnak.',
        'b6d1e2c3-4f5a-6b7c-8d9e-0f1a2b3c4d5e',
        'post:2202',
        NULL,
        NOW() - INTERVAL '10 hours'
    );
-- ============================================================
-- Additional users (5 more, password: Password123!)
-- ============================================================
INSERT INTO auth.users (
        id,
        instance_id,
        aud,
        role,
        email,
        encrypted_password,
        email_confirmed_at,
        raw_app_meta_data,
        raw_user_meta_data,
        is_super_admin,
        created_at,
        updated_at,
        confirmation_token,
        recovery_token,
        email_change_token_new,
        email_change
    )
VALUES (
        'e1e2e3e4-e5e6-4e7e-8e9e-0e1e2e3e4e5e',
        '00000000-0000-0000-0000-000000000000',
        'authenticated',
        'authenticated',
        'bence@example.com',
        extensions.crypt('Password123!', extensions.gen_salt('bf')),
        NOW(),
        '{"provider":"email","providers":["email"]}',
        '{"full_name":"Bence Toth","avatar_url":"https://picsum.photos/seed/bence/200"}',
        false,
        NOW(),
        NOW(),
        '',
        '',
        '',
        ''
    ),
    (
        'f1f2f3f4-f5f6-4f7f-8f9f-0f1f2f3f4f5f',
        '00000000-0000-0000-0000-000000000000',
        'authenticated',
        'authenticated',
        'anna@example.com',
        extensions.crypt('Password123!', extensions.gen_salt('bf')),
        NOW(),
        '{"provider":"email","providers":["email"]}',
        '{"full_name":"Anna Fekete","avatar_url":"https://picsum.photos/seed/anna/200"}',
        false,
        NOW(),
        NOW(),
        '',
        '',
        '',
        ''
    ),
    (
        '11223344-5566-4778-8990-aabbccddee00',
        '00000000-0000-0000-0000-000000000000',
        'authenticated',
        'authenticated',
        'peter@example.com',
        extensions.crypt('Password123!', extensions.gen_salt('bf')),
        NOW(),
        '{"provider":"email","providers":["email"]}',
        '{"full_name":"Peter Molnar","avatar_url":"https://picsum.photos/seed/peter/200"}',
        false,
        NOW(),
        NOW(),
        '',
        '',
        '',
        ''
    ),
    (
        '22334455-6677-4889-9001-bbccddeeff11',
        '00000000-0000-0000-0000-000000000000',
        'authenticated',
        'authenticated',
        'reka@example.com',
        extensions.crypt('Password123!', extensions.gen_salt('bf')),
        NOW(),
        '{"provider":"email","providers":["email"]}',
        '{"full_name":"Reka Varga","avatar_url":"https://picsum.photos/seed/reka/200"}',
        false,
        NOW(),
        NOW(),
        '',
        '',
        '',
        ''
    ),
    (
        '33445566-7788-4990-a112-ccddeeff0022',
        '00000000-0000-0000-0000-000000000000',
        'authenticated',
        'authenticated',
        'david@example.com',
        extensions.crypt('Password123!', extensions.gen_salt('bf')),
        NOW(),
        '{"provider":"email","providers":["email"]}',
        '{"full_name":"David Simon","avatar_url":"https://picsum.photos/seed/david/200"}',
        false,
        NOW(),
        NOW(),
        '',
        '',
        '',
        ''
    );
-- Additional profiles
INSERT INTO public.profiles (
        id,
        username,
        full_name,
        avatar_url,
        website,
        created_at,
        viewed_functions,
        location
    )
VALUES (
        'e1e2e3e4-e5e6-4e7e-8e9e-0e1e2e3e4e5e',
        'bence',
        'Bence Toth',
        'https://picsum.photos/seed/bence/200',
        'https://bence.example.com',
        NOW(),
        ARRAY ['map'],
        ST_GeogFromText('SRID=4326;POINT(19.0835 47.5005)')
    ),
    (
        'f1f2f3f4-f5f6-4f7f-8f9f-0f1f2f3f4f5f',
        'anna',
        'Anna Fekete',
        'https://picsum.photos/seed/anna/200',
        NULL,
        NOW(),
        ARRAY ['create-buziness','profile'],
        ST_GeogFromText('SRID=4326;POINT(18.9985 47.4970)')
    ),
    (
        '11223344-5566-4778-8990-aabbccddee00',
        'peter',
        'Peter Molnar',
        'https://picsum.photos/seed/peter/200',
        'https://peter.dev',
        NOW(),
        ARRAY ['map','comments'],
        ST_GeogFromText('SRID=4326;POINT(19.0370 47.5400)')
    ),
    (
        '22334455-6677-4889-9001-bbccddeeff11',
        'reka',
        'Reka Varga',
        'https://picsum.photos/seed/reka/200',
        NULL,
        NOW(),
        ARRAY ['create-buziness'],
        ST_GeogFromText('SRID=4326;POINT(19.0780 47.4880)')
    ),
    (
        '33445566-7788-4990-a112-ccddeeff0022',
        'david',
        'David Simon',
        'https://picsum.photos/seed/david/200',
        'https://david.example.com',
        NOW(),
        ARRAY ['map'],
        ST_GeogFromText('SRID=4326;POINT(19.1050 47.5160)')
    );
-- Additional contacts
INSERT INTO public.contacts (id, type, data, title, public, author)
VALUES (
        1005,
        'TEL',
        '+36 20 987 6543',
        'Telefon',
        true,
        'e1e2e3e4-e5e6-4e7e-8e9e-0e1e2e3e4e5e'
    ),
    (
        1006,
        'EMAIL',
        'hello@annafekete.hu',
        'E-mail',
        true,
        'f1f2f3f4-f5f6-4f7f-8f9f-0f1f2f3f4f5f'
    ),
    (
        1007,
        'INSTAGRAM',
        'anna.fekete.yoga',
        'Instagram',
        true,
        'f1f2f3f4-f5f6-4f7f-8f9f-0f1f2f3f4f5f'
    ),
    (
        1008,
        'WEB',
        'https://peter.dev',
        'Web',
        true,
        '11223344-5566-4778-8990-aabbccddee00'
    ),
    (
        1009,
        'TEL',
        '+36 70 111 2222',
        'Telefon',
        true,
        '22334455-6677-4889-9001-bbccddeeff11'
    ),
    (
        1010,
        'EMAIL',
        'david@example.com',
        'E-mail',
        true,
        '33445566-7788-4990-a112-ccddeeff0022'
    ),
    (
        1011,
        'FACEBOOK',
        'DavidSimonLanguages',
        'Facebook',
        true,
        '33445566-7788-4990-a112-ccddeeff0022'
    );
-- Additional buziness entries
INSERT INTO public.buziness (
        id,
        title,
        description,
        author,
        images,
        location,
        radius,
        "defaultContact",
        embedding,
        embedding_text,
        created_at,
        ingyen
    )
VALUES (
        3001,
        'Anna Jóga Stúdió',
        'Heti jóga és meditáció órák minden szinten.',
        'f1f2f3f4-f5f6-4f7f-8f9f-0f1f2f3f4f5f',
        ARRAY ['https://picsum.photos/seed/yoga1/400','https://picsum.photos/seed/yoga2/400'],
        ST_GeogFromText('SRID=4326;POINT(18.9990 47.4975)'),
        200,
        1006,
        ARRAY [0.010925293,0.055236816,-0.03338623,-0.0062561035,0.046966553,-0.019638062,-0.030090332,0.012321472,-0.030319214,0.025787354,0.037628174,0.008369446,-0.005710602,0.021026611,0.086120605,-0.0982666,0.017715454,-0.0096588135,-0.04385376,-0.04107666,-0.013298035,-0.0209198,0.004673004,-0.0670166,-0.0289917,-0.0012187958,-0.053131104,0.015670776,-0.0011873245,-0.004787445,-0.01486969,-0.017410278,0.018814087,0.007789612,-0.05154419,-0.0071411133,0.09820557,0.038238525,0.027145386,0.017852783,0.0357666,0.023803711,0.01374054,0.024154663,-0.08703613,-0.045562744,-0.0061035156,0.03793335,-0.081726074,-0.10107422,-0.017150879,-0.048431396,-0.0071525574,-0.025512695,-0.04348755,-0.08526611,0.0418396,0.07849121,-0.029922485,0.029281616,-0.011154175,0.03161621,-0.065979004,-0.01499176,-0.040496826,0.013175964,0.04147339,-0.034332275,-0.09838867,0.06518555,-0.0259552,-0.05734253,-0.01576233,-0.036315918,0.019012451,-0.049316406,0.039001465,0.057922363,-0.040039062,-0.092285156,0.07861328,0.006126404,0.062561035,-0.07751465,0.019180298,0.02911377,-0.034179688,-0.12939453,-0.016540527,0.04812622,0.021453857,0.04397583,-0.0066719055,0.049316406,0.0040626526,-0.034118652,-0.004295349,0.0024681091,0.05633545,0.048095703,-0.078186035,-0.077697754,-0.0016260147,-0.060333252,0.0848999,0.024536133,-0.030532837,-0.04888916,-0.009483337,-0.07696533,-0.0048332214,-0.04119873,-0.020401001,0.036071777,-0.0064468384,0.009063721,-0.030212402,-0.047454834,-0.037750244,-0.05593872,-0.008834839,-0.048675537,0.051727295,0.0138168335,-0.06726074,0.051940918,0.03237915,0.09863281,0.012863159,0.057128906,0.011199951,0.03161621,0.05731201,0.04168701,0.0690918,-0.0132369995,0.027236938,0.010299683,-0.012809753,-0.008132935,-0.16748047,0.035247803,-0.0038433075,-0.05303955,-0.06100464,-0.029205322,0.048095703,0.023727417,-0.016220093,-0.023849487,-0.028152466,-0.009025574,-0.06616211,-0.026748657,0.009971619,-0.064575195,0.0060539246,-0.017181396,-0.014549255,0.042236328,0.0068244934,0.035858154,0.019927979,0.031982422,0.04437256,-0.06555176,-0.011489868,-0.027877808,0.013252258,0.08917236,0.0055770874,-0.072631836,-0.0670166,0.041778564,-0.0803833,0.09411621,0.03286743,0.02859497,-0.061706543,-0.061828613,-0.053771973,0.028167725,0.008460999,-0.039886475,0.019454956,-0.015594482,0.04840088,0.0036449432,0.08496094,-0.036254883,0.04675293,-0.015411377,-0.018661499,-0.006713867,0.012939453,-0.036132812,0.013221741,0.055145264,-0.058563232,-0.03475952,-0.032318115,-0.11291504,-0.032318115,0.0020866394,-0.028518677,0.013839722,0.047729492,0.01612854,0.060180664,-0.081726074,0.023605347,0.0927124,0.02218628,-0.021728516,0.09033203,0.05078125,-0.0077171326,0.00793457,0.036895752,-0.035461426,0.0914917,-0.08258057,0.04360962,-0.0129852295,-0.054382324,0.057800293,-0.040039062,0.034057617,-0.017303467,0.0012998581,-0.01600647,-0.011985779,-0.07128906,-0.04248047,0.018630981,-0.070495605,-0.010787964,0.026687622,-0.05126953,0.024337769,-0.039123535,0.078186035,-0.07574463,0.06744385,-0.0345459,-0.04046631,0.07720947,0.07116699,-0.008232117,-0.0016117096,0.014892578,-0.021331787,0.090026855,0.03704834,-0.021224976,0.009712219,0.07849121,-0.015426636,-0.05105591,0.043395996,0.022079468,0.02935791,0.043304443,0.05154419,0.014190674,-0.015602112,0.03866577,0.0047836304,0.049560547,-0.02230835,0.041015625,0.015792847,0.024261475,-0.012962341,0.05886841,0.041503906,0.0025196075,0.015853882,0.025619507,0.061340332,0.007091522,-0.030319214,0.035003662,0.0317688,-0.03591919,0.003293991,-0.07476807,-0.00409317,0.0107040405,-0.0043563843,0.031951904,-0.0014238358,-0.019470215,0.030059814,-0.011787415,0.002773285,0.04421997,0.0058174133,0.0006494522,-0.004261017,-0.019866943,-0.036621094,-0.037872314,-0.053527832,0.03933716,0.064575195,0.011711121,0.022018433,-0.082336426,0.018447876,-0.0011978149,-0.05343628,0.035339355,-0.006259918,-0.057037354,-0.040100098,-0.050476074,0.05154419,-0.007419586,-0.0027256012,-0.015533447,0.024597168,-0.070007324,-0.041137695,-0.029876709,-0.0022411346,0.033294678,-0.06762695,0.043701172,-0.05303955,-0.08154297,0.047943115,0.034057617,0.08013916,0.010299683,-0.020233154,-0.02810669,-0.046844482,-0.038879395,-0.0869751,0.0055274963,0.0025291443,-0.047332764,0.039733887,-0.010101318,0.05532837,-0.0068206787,0.00207901,0.032043457,0.07110596,0.0007505417,-0.03050232,0.021560669,-0.014915466,-0.035339355,0.014404297,0.028030396,-0.047058105,0.0052871704,0.0345459,-0.001657486,-0.04208374,-0.0015230179,-0.045806885,0.057678223,0.012809753,0.00033020973,-0.00051259995,0.01235199,-0.023147583,-0.03186035,0.05105591,0.012550354,0.02519226,-0.07098389,-0.017227173,-0.07006836,-0.021865845,0.004257202,-0.017913818,-0.005393982,-0.017089844,-0.07305908,-0.012710571,0.010665894,0.029525757,0.02331543,-0.021209717,-0.018234253,0.014884949,-0.082092285,0.05831909,-0.024536133,0.034484863,0.01751709,0.043395996,0.0010356903,0.06939697,0.005882263,-0.014663696,-0.060638428,0.09484863,-0.06378174,-0.03543091,-0.021850586,-0.032196045,-0.030700684,-0.044067383,0.008171082,0.0076446533,-0.03540039,-0.054382324,-0.022628784,0.028076172,0.0059318542,0.06970215,0.04763794,0.1126709,-0.03982544,-0.036346436,0.08996582,-0.020507812,-0.093688965,0.024810791,-0.039764404,-0.00016665459,-0.031677246,-0.009056091,0.02319336,0.026794434,-0.052490234,-0.008659363,0.018737793,0.0003592968,0.023132324,-0.066223145,-0.019470215,0.034942627,-0.008651733,-0.028671265,-0.07623291,-0.013839722,0.028656006,0.0024681091,0.057922363,-0.09643555,0.0032749176,0.036499023,-0.032409668,-0.0284729,0.014472961,0.021820068,-0.022613525,-0.04724121,-0.023956299,0.004611969,0.025787354,0.0715332,-0.008369446,-0.043792725,0.029724121,-0.03616333,-0.010437012,-0.06488037,-0.034210205,-0.035583496,-0.008529663,-0.03781128,0.031555176,0.08496094,-0.059295654,-0.03225708,-0.04043579,-0.005645752,0.078308105,0.04345703,-0.021347046,-0.0074005127,0.042907715,-0.011390686,0.024749756,-0.02571106,0.002380371,0.11810303,0.008216858,0.030715942,0.11340332,-0.016662598,-0.014251709,0.049316406,-0.0034484863,0.08300781,0.016021729,0.024490356,0.0129776,0.008552551,0.04006958,-0.09649658,-0.042907715,-0.0025939941,-0.046844482,0.056152344,-0.05392456,0.054351807,-0.024536133,-0.07867432,0.008308411,-0.0284729,0.0060043335,-0.015899658,-0.019515991,0.089782715],
        'jóga, meditáció, sport, wellness',
        NOW() - INTERVAL '5 days',
        true
    ),
    (
        3002,
        'Bence Kerékpár Műhely',
        'Kerékpár javítás, szerelés, alkatrész csere.',
        'e1e2e3e4-e5e6-4e7e-8e9e-0e1e2e3e4e5e',
        ARRAY ['https://picsum.photos/seed/bike1/400'],
        ST_GeogFromText('SRID=4326;POINT(19.0840 47.5010)'),
        150,
        1005,
        ARRAY [0.09033203,0.06768799,-0.023651123,-0.0023822784,0.057556152,0.117126465,0.027236938,-0.015731812,-0.013008118,0.05496216,0.055511475,-0.026916504,-0.03375244,0.0036029816,0.032073975,-0.0758667,-0.00920105,-0.04827881,-0.08465576,-0.07104492,0.056030273,-0.038146973,-0.017791748,-0.023361206,-0.016311646,-0.008964539,-0.0063171387,0.011138916,-0.014198303,0.0079574585,0.0074005127,0.035217285,0.030914307,-0.017288208,0.039733887,-0.019088745,0.050231934,0.021087646,-0.041778564,-0.01524353,0.007648468,0.04663086,-0.047576904,-0.015365601,-0.016281128,0.055145264,-0.06304932,-0.008956909,-0.08416748,-0.097717285,-0.024429321,-0.040649414,0.024337769,-0.023132324,0.012519836,-0.056640625,-0.008575439,0.1463623,-0.00793457,0.06286621,-0.007587433,0.022781372,-0.03744507,-0.030395508,-0.029769897,0.042236328,-0.026489258,-0.002105713,-0.010551453,-0.011474609,-0.0050354004,-0.010429382,-0.04547119,-0.04699707,0.06964111,0.02368164,0.10241699,0.02053833,-0.022842407,-0.062316895,0.060272217,-0.052337646,0.041870117,-0.0009255409,0.005584717,-0.0096206665,0.02168274,-0.1105957,0.024490356,0.011917114,-0.037719727,-0.02532959,0.0116119385,0.010292053,0.025146484,-0.027740479,0.0026378632,0.00095272064,0.07098389,0.043548584,-0.052612305,-0.070129395,-0.031677246,-0.03111267,0.11248779,0.025924683,-0.020965576,0.0069847107,0.0034217834,-0.050445557,-0.035858154,-0.06451416,-0.0056419373,0.01083374,-0.04107666,-0.05569458,-0.015670776,-0.06829834,0.024673462,-0.015220642,0.051727295,-0.07196045,0.09185791,0.028717041,-0.04257202,0.027175903,-0.0087890625,0.033477783,0.010070801,-0.0060043335,0.025924683,0.017654419,-0.035461426,0.006958008,-0.012145996,-0.08087158,0.05819702,0.045684814,-0.05090332,-0.026611328,-0.078308105,0.031021118,0.06109619,-0.006916046,-0.0019950867,-0.045532227,-0.004966736,0.00084638596,-0.032928467,0.08691406,-0.026397705,-0.037353516,-0.053222656,-0.040893555,0.06304932,-0.0446167,-0.037475586,-0.070251465,-0.034118652,0.08532715,0.03253174,0.02116394,0.008468628,0.053466797,-0.029159546,-0.032440186,0.017501831,-0.07775879,-0.06359863,0.059814453,0.0021018982,-0.0132369995,-0.08917236,0.017105103,0.012161255,0.074523926,0.09411621,-0.009880066,-0.015823364,-0.024002075,-0.010253906,0.02960205,0.04272461,-0.010978699,0.057922363,-0.0680542,-0.0015506744,0.0004131794,0.08721924,-0.01348114,0.058410645,-0.0335083,0.006046295,0.05279541,0.014266968,-0.03744507,-0.06677246,-0.015731812,-0.036193848,0.04522705,-0.015045166,-0.068115234,-0.028900146,0.035064697,-0.017105103,0.0074272156,0.006362915,0.03616333,0.0051879883,-0.027740479,0.022659302,0.13391113,0.0055618286,-0.023086548,0.076538086,0.0008597374,-0.018112183,0.06274414,0.0074539185,-0.0072631836,0.083862305,-0.11450195,0.036895752,0.041229248,-0.013221741,-0.047943115,-0.004245758,0.027618408,-0.030517578,0.032440186,0.0009937286,0.008598328,-0.11138916,-0.11151123,-0.097473145,-0.021850586,-0.049987793,-0.0524292,-0.08843994,2.3186207e-05,0.018234253,0.13049316,-0.05380249,-0.008552551,-0.030456543,-0.023086548,0.0041618347,0.051208496,0.03286743,-0.015365601,-0.00491333,0.02960205,0.0635376,0.01890564,0.03543091,0.07171631,0.111572266,-0.008857727,-0.03555298,-0.008399963,-0.007347107,0.051574707,0.010437012,0.01071167,0.064941406,0.012512207,0.0032920837,0.040893555,-0.11248779,-0.068115234,0.015205383,0.0043678284,-0.0014982224,-0.020904541,0.0690918,0.023651123,-0.012954712,-0.06137085,0.012046814,0.06945801,0.018310547,-0.006038666,0.010879517,0.01776123,-0.048461914,0.003967285,-0.038879395,0.0074539185,0.03829956,0.0023212433,0.04043579,-0.08319092,0.021148682,0.017150879,-0.03817749,0.012397766,0.04336548,-0.020492554,-0.050994873,0.024230957,-0.020004272,-0.026824951,-0.0023021698,0.0262146,0.03942871,0.023910522,0.014877319,-0.008110046,-0.025405884,-0.059509277,0.046905518,0.02406311,0.01979065,-0.05831909,-0.08001709,-0.033996582,-0.024383545,0.05633545,-0.0004632473,-0.03918457,0.038879395,0.0003311634,-0.10949707,-0.027648926,-0.027282715,-0.0154800415,0.020828247,0.014015198,0.087524414,-0.0791626,-0.03817749,0.008270264,0.01864624,-0.009887695,-0.074401855,-0.04977417,-0.03845215,0.0041503906,-0.05783081,-0.044647217,0.046783447,-0.030273438,-0.0491333,0.05532837,-0.03616333,0.04434204,-0.05630493,-0.064086914,0.02268982,-0.04071045,0.0006227493,-0.047058105,-0.034484863,0.0093688965,0.057250977,-0.038970947,0.02420044,-0.059539795,0.011787415,-0.034057617,0.03717041,-0.023544312,0.026443481,0.012992859,0.10723877,0.064086914,-0.028305054,-0.027755737,0.0041503906,0.0045814514,-0.08917236,0.040924072,-0.0206604,-0.0025730133,-0.090026855,-0.008926392,0.0038776398,-0.015220642,0.015853882,0.035583496,-0.012382507,-0.10131836,-0.05065918,-0.021072388,-0.019165039,0.037628174,0.009925842,0.017944336,-0.07348633,-0.03225708,-0.005241394,0.02986145,0.048736572,-0.013290405,-0.03479004,0.043884277,-0.041503906,0.04385376,-0.01398468,0.0018005371,-0.013702393,0.04525757,-0.08758545,-0.04196167,0.035369873,-0.05886841,-0.024887085,-0.059295654,0.0085372925,0.03390503,-0.0109939575,-0.051727295,0.06463623,0.0055770874,0.04458618,0.056152344,0.07702637,0.052520752,-0.03579712,-0.04348755,0.095458984,0.026168823,-0.020843506,-0.027282715,-0.05633545,0.07537842,-0.023406982,0.03262329,-0.026565552,0.003932953,-0.055236816,-0.047821045,0.036499023,0.022903442,0.021957397,-0.02003479,0.04537964,-0.015090942,-0.011405945,-0.014862061,-0.013366699,-0.015197754,-0.0032577515,-0.00062179565,0.06628418,-0.0914917,0.019302368,-0.022201538,-0.064819336,-0.02444458,-0.00920105,0.0032176971,-0.03265381,-0.011367798,-0.048858643,-0.09075928,0.023162842,0.069885254,0.005886078,0.012802124,-0.0037841797,-0.010375977,-0.059417725,-0.04220581,-0.0018596649,0.045318604,0.017837524,-0.019897461,0.024932861,0.03262329,-0.03475952,-0.035125732,0.0034503937,0.026016235,0.032318115,-0.0046844482,-0.06573486,-0.006214142,0.013130188,-0.013198853,-0.028762817,0.023223877,0.031341553,0.036254883,-0.010192871,-0.009933472,0.082336426,-0.035827637,-0.021347046,0.0390625,-0.012008667,0.042053223,-0.072265625,0.04888916,-0.008903503,0.009796143,0.016357422,-0.03277588,-0.049987793,0.008155823,-0.01991272,0.01890564,-0.011444092,-0.025177002,-0.021347046,-0.064575195,-0.0028362274,0.0141067505,-0.07647705,0.0206604,0.016357422,0.046813965],
        'kerékpár, javítás, bicikli',
        NOW() - INTERVAL '2 days',
        true
    ),
    (
        3003,
        'Péter Könyvesbolt',
        'Antikvár és használt könyvek, helyi szerzők polca.',
        '11223344-5566-4778-8990-aabbccddee00',
        ARRAY ['https://picsum.photos/seed/books1/400','https://picsum.photos/seed/books2/400'],
        ST_GeogFromText('SRID=4326;POINT(19.0380 47.5410)'),
        100,
        1008,
        ARRAY [0.030181885,0.063964844,-0.04660034,0.00248909,0.017364502,-0.041412354,0.0013160706,-0.044067383,-0.005519867,0.01586914,0.042297363,0.025939941,-0.071777344,-0.02394104,0.020065308,-0.023895264,0.0066986084,-0.12011719,-0.06304932,-0.06744385,-0.010322571,-0.005683899,0.0051879883,0.00044369698,0.03741455,-0.0068740845,-0.04446411,0.010368347,0.023254395,0.057128906,0.033447266,-0.0031547546,0.06719971,-0.06512451,-0.016784668,-0.052978516,0.07946777,-0.008850098,0.0036354065,-0.03378296,0.020706177,-0.011932373,-0.07904053,-0.026123047,-0.04647827,-0.0007381439,-0.054656982,0.04473877,-0.07696533,-0.0006213188,-0.01335907,-0.033447266,-0.042022705,-0.019195557,0.018630981,0.0048599243,0.009132385,0.17468262,-0.051086426,0.022918701,-0.05215454,-0.03866577,-0.018203735,-0.030548096,-0.04547119,-0.0057525635,-0.07574463,-0.0058631897,-0.040527344,0.002779007,0.045928955,-0.015281677,0.002910614,0.103393555,0.017440796,-0.009117126,0.08947754,0.026275635,0.0017242432,-0.01247406,0.05532837,-0.012390137,0.046722412,-0.061645508,-0.0017671585,-0.024261475,-0.0065307617,-0.11291504,0.0076522827,-0.025283813,-0.0055274963,-0.021469116,-0.015411377,0.035064697,0.04458618,-0.06542969,-0.026550293,-0.005844116,0.058502197,0.008972168,-0.03970337,-0.07550049,-0.023254395,-0.07519531,0.11407471,0.06036377,-0.08300781,0.023666382,0.04159546,-0.122924805,0.038879395,-0.024169922,0.0020370483,-0.0345459,-0.049621582,0.006591797,0.041290283,-0.0725708,0.06561279,-0.018112183,-0.040893555,-0.10534668,0.018920898,-0.012687683,-0.027923584,-0.044952393,-0.04876709,-0.025817871,0.0016031265,0.016021729,-0.0690918,0.03451538,-0.0052223206,0.021728516,0.06222534,0.016921997,0.036010742,-0.0016593933,0.0075645447,-0.02003479,-0.076049805,-0.034973145,-0.0026016235,-0.020385742,-0.066589355,-0.017837524,-0.011993408,-0.022583008,-0.020492554,0.01776123,0.024642944,0.008773804,-0.050750732,-0.05630493,0.049194336,-0.019058228,-0.008934021,-0.0692749,-0.018051147,0.086120605,-0.036254883,0.0051879883,0.012145996,0.01979065,0.0725708,-0.020187378,-0.005405426,-0.034057617,0.013168335,0.04119873,0.0067367554,-0.045837402,0.026428223,0.03643799,-0.056732178,0.05734253,0.060699463,-0.006538391,-0.014305115,0.034301758,0.035827637,0.029571533,0.05886841,-0.036865234,0.0011053085,-0.042755127,0.030212402,0.012306213,0.11773682,-0.03111267,-0.028930664,-0.026367188,0.01374054,0.0015459061,0.019851685,-0.028533936,-0.047210693,0.014411926,-0.029663086,0.03945923,0.014778137,0.0036735535,-0.0025501251,-0.021011353,0.045959473,0.05911255,0.0044403076,0.038391113,-0.0129852295,-0.03213501,0.012046814,0.06561279,-0.009223938,0.052337646,0.0184021,0.020568848,-0.00053071976,0.043121338,0.066467285,-0.040527344,0.082214355,-0.08679199,0.07183838,0.01727295,0.012771606,0.0019664764,-0.021118164,0.047790527,-0.0076828003,-0.04675293,0.039794922,-0.037078857,-0.082092285,-0.081970215,-0.02507019,0.030563354,-0.053497314,0.044799805,-0.00869751,-0.032958984,-0.0087890625,0.09094238,-0.010696411,0.042022705,-0.012626648,-0.025634766,-0.029876709,0.09197998,0.0024719238,0.01083374,-0.045440674,-0.0016784668,0.07067871,0.0029354095,-0.027328491,0.0073776245,0.08404541,0.03149414,-0.036071777,0.030181885,0.049835205,0.005268097,-0.013465881,0.047668457,-0.024917603,0.027374268,-0.024459839,-0.059387207,-0.03756714,-0.03869629,0.07574463,-0.070739746,0.02532959,-0.017791748,0.012489319,0.024032593,0.008956909,0.024917603,-0.012191772,0.032409668,-0.032043457,-0.034942627,-0.06677246,-0.012840271,-0.07989502,0.014854431,-0.037322998,-0.016204834,0.047424316,-0.057769775,0.042663574,-0.087646484,0.011077881,0.004169464,-0.057678223,0.016693115,0.028656006,0.022949219,-0.021957397,0.036499023,-0.033813477,-0.06335449,-0.04815674,-0.028198242,0.0070381165,0.038360596,0.040252686,0.093566895,-0.053710938,-0.03540039,-0.037139893,0.013839722,0.022598267,-0.05621338,-0.09967041,-0.054748535,-0.040374756,-0.0027484894,0.038024902,-0.04360962,0.029220581,-0.045288086,-0.08862305,-0.038635254,0.024124146,-0.044189453,0.05911255,0.022476196,0.12939453,0.012664795,-0.09741211,-0.00039601326,0.0064964294,0.03237915,-0.0013122559,-0.031219482,-0.019592285,0.07519531,-0.027999878,-0.0084991455,0.0017232895,-0.028884888,-0.06347656,0.05496216,-0.03152466,-0.01727295,-0.07501221,-0.072387695,0.016311646,-0.01940918,0.0008420944,-0.033203125,-0.0076408386,0.042877197,0.05783081,0.001080513,-0.056610107,-0.062072754,0.015167236,-0.05722046,-0.046722412,-0.040985107,-0.025939941,-0.0129852295,0.11895752,0.015731812,-0.008872986,-0.016036987,-0.028717041,0.01612854,-0.046142578,0.040893555,-0.035003662,-0.05807495,-0.09942627,-0.04928589,0.035705566,-0.008628845,0.099487305,-0.019592285,0.031921387,-0.061035156,-0.010757446,0.008506775,-0.018997192,-0.056396484,-0.016098022,-0.02104187,-0.021560669,-0.028396606,-0.08258057,0.021774292,0.015037537,-0.06604004,-0.034210205,-0.009117126,-0.06225586,0.06768799,-0.027282715,0.026763916,-0.06939697,0.023162842,-0.042877197,-0.0023460388,0.0046691895,-0.018615723,0.043182373,-0.02507019,-0.06890869,-0.0016078949,-0.032470703,-0.06286621,0.08581543,-0.01966858,0.06616211,0.042114258,0.05291748,0.07537842,-0.027008057,-0.0178833,0.06762695,0.06085205,0.01727295,0.0082473755,-0.054382324,0.02822876,0.036315918,0.0031147003,0.014312744,0.013298035,-0.020645142,-0.012428284,0.03640747,0.0143966675,-0.010047913,-0.08746338,0.004207611,-0.013206482,0.013381958,0.008117676,0.0029850006,-0.013420105,0.05230713,-0.04776001,0.068603516,-0.03338623,-0.009597778,0.03894043,0.030517578,0.018630981,0.031707764,0.005870819,-0.0703125,0.030944824,0.068237305,-0.06161499,0.06500244,0.0099487305,0.078552246,-0.045928955,-0.032684326,-0.009963989,-0.05316162,-0.09741211,-0.109313965,-0.0010976791,0.020080566,-0.027008057,-0.0090408325,0.018371582,-0.032562256,0.0074272156,-0.012710571,-0.013687134,0.028457642,-0.027328491,0.0050582886,0.0046806335,-0.0070228577,-0.053497314,-0.010475159,-0.025939941,0.059326172,0.029449463,0.009086609,-0.020553589,-0.014045715,-0.02027893,0.052764893,0.0015678406,0.0129470825,0.09674072,-0.07501221,0.007965088,-0.03564453,0.018753052,0.016784668,-0.046966553,-0.039855957,0.060760498,0.009101868,0.0037059784,-0.0209198,0.00031161308,0.055511475,-0.107421875,0.005470276,-0.041656494,-0.06008911,0.010292053,-0.0184021,0.010253906],
        'könyv, antikvár, irodalom',
        NOW() - INTERVAL '8 days',
        false
    ),
    (
        3004,
        'Réka Galéria',
        'Helyi alkotók képei és szobrászat kiállítása.',
        '22334455-6677-4889-9001-bbccddeeff11',
        ARRAY ['https://picsum.photos/seed/art1/400','https://picsum.photos/seed/art2/400'],
        ST_GeogFromText('SRID=4326;POINT(19.0785 47.4885)'),
        250,
        1009,
        ARRAY [0.0074005127,0.021972656,-0.047576904,0.022003174,0.03173828,-0.017745972,-8.004904e-05,-0.0021915436,-0.015975952,-0.07318115,-0.013969421,0.024154663,0.017944336,-0.032104492,0.07366943,0.0039138794,0.0032691956,-0.08746338,-0.076416016,-0.04534912,-0.0047340393,0.019470215,-0.0002527237,-0.0012817383,0.034606934,-0.035095215,0.026763916,0.02229309,-0.020111084,0.066589355,0.043945312,-0.017852783,0.041229248,-0.007003784,-0.04937744,-0.03265381,0.119140625,0.05899048,0.0262146,0.0128479,0.009338379,0.040008545,-0.034057617,-0.013061523,-0.07623291,-0.016540527,-0.072021484,-0.0032043457,-0.057159424,0.00060224533,-0.03274536,-0.06341553,-0.011398315,-0.014228821,-0.0015354156,-0.05154419,-0.015914917,0.13354492,-0.08392334,-0.024642944,-0.009796143,-0.031173706,-0.041259766,0.012054443,0.033447266,-0.10809326,-0.014892578,0.049041748,-0.04928589,0.04763794,0.02407837,-0.093566895,-0.07348633,-0.012931824,0.04751587,0.020324707,0.08239746,0.026123047,0.0024852753,-0.01625061,0.0927124,0.024490356,-0.0031089783,0.011047363,-0.035491943,-0.011894226,-0.010047913,-0.13293457,0.03111267,-0.043121338,-0.06188965,-0.014373779,-0.03744507,0.013648987,0.06707764,-0.06738281,0.0206604,0.027069092,0.036621094,0.029968262,-0.09313965,-0.10479736,0.00944519,-0.034362793,0.036895752,0.02986145,0.016433716,-0.022247314,-0.03289795,-0.06616211,0.00019359589,-0.0960083,0.013877869,-0.05456543,-0.02468872,0.02935791,-0.020935059,-0.04458618,-0.013580322,-0.02684021,-0.043945312,-0.10290527,0.061553955,0.00041890144,-0.014572144,0.03274536,-0.022964478,-0.028396606,0.02935791,0.066467285,-0.016906738,-0.0074043274,0.0116119385,-0.010154724,0.05206299,-0.032806396,-0.006023407,-0.035583496,-0.033599854,0.0048713684,-0.101501465,-0.032287598,0.076293945,-0.07128906,-0.07122803,-0.05810547,0.029830933,-0.05114746,-0.040924072,0.043518066,0.039886475,0.041992188,-0.0597229,-0.017486572,-0.02003479,-0.006263733,-0.037902832,-0.06890869,-0.032836914,0.06085205,-0.048553467,-0.01927185,-0.021850586,0.06274414,0.033416748,-0.051879883,-0.046569824,-0.028442383,-0.03881836,0.07373047,0.021728516,0.0066375732,0.0076293945,0.043395996,-0.031173706,0.044769287,0.06173706,0.012802124,-0.092285156,0.043395996,-0.009185791,0.024902344,-0.01109314,0.033294678,-0.049926758,0.042388916,0.027450562,-0.022613525,0.0791626,0.025268555,0.014953613,-0.058624268,-0.032196045,-0.04248047,0.018432617,-0.057739258,-0.03378296,0.019500732,-0.0023994446,-0.02619934,0.013748169,0.00819397,0.012519836,0.002380371,0.025161743,0.037902832,0.02796936,0.059936523,0.004562378,0.004650116,0.018249512,0.06781006,-0.020462036,0.01890564,0.018585205,0.02255249,-0.020812988,0.038330078,0.02986145,-0.031585693,0.028320312,-0.025680542,-0.031463623,0.012069702,0.059295654,0.02835083,0.014892578,0.031280518,-0.003314972,0.01133728,-0.03286743,-0.029708862,-0.00031638145,-0.061035156,-0.046325684,-0.0020694733,-0.040374756,-0.012763977,-0.041412354,-0.016677856,-0.04437256,0.09460449,-0.07080078,-0.008468628,-0.015144348,0.033233643,-0.0056495667,0.09857178,0.022705078,-0.04486084,-0.015014648,0.032043457,0.016983032,0.057769775,-0.03225708,0.019454956,0.045776367,0.009002686,0.06161499,0.06744385,0.005115509,0.0070343018,-0.052825928,0.003993988,0.024169922,0.055755615,-0.019744873,0.021438599,-0.10083008,-0.007972717,0.05480957,-0.0335083,-0.025390625,-0.021209717,0.027938843,0.08557129,-0.014137268,0.04208374,0.039886475,-0.0030879974,0.057250977,-0.018005371,-0.020050049,0.023925781,-0.06402588,0.073791504,-0.0016803741,0.0038146973,0.015823364,0.0069389343,0.028671265,-0.06774902,-0.016952515,0.0413208,-0.014694214,0.04916382,0.021911621,-0.00082302094,0.0071983337,-0.030181885,-0.04852295,-0.05215454,-0.0071105957,0.004016876,-0.040008545,0.036315918,0.0052108765,0.10345459,-0.044952393,-0.03643799,0.008491516,0.027145386,-0.011695862,-0.05697632,-0.081604004,-0.0015592575,-0.05380249,0.0087890625,0.056915283,-0.03756714,0.056793213,-0.002210617,-0.078552246,-0.006626129,0.008857727,0.013465881,0.053100586,-0.016540527,0.17199707,-0.0021095276,-0.0463562,-0.0010585785,0.02758789,0.005344391,-0.003156662,-0.010536194,-0.05706787,0.053619385,0.03286743,-0.013938904,-0.046905518,-0.047821045,-0.01474762,-0.019989014,-0.06518555,-0.068481445,-0.011871338,-0.016677856,0.01448822,0.039855957,0.0008568764,-0.028060913,-0.070739746,0.078308105,0.08746338,-0.035705566,0.042785645,-0.034057617,0.03781128,0.012260437,0.010971069,-0.056915283,0.0012874603,0.04550171,0.085754395,0.036376953,-0.033355713,0.049468994,0.030944824,0.035064697,-0.080322266,0.008148193,-0.09454346,-0.020874023,-0.091918945,-0.0030269623,-0.031219482,-0.060333252,0.01676941,0.010177612,-0.04574585,-0.047302246,-0.1005249,0.0680542,-0.017684937,0.032226562,0.0070152283,0.020767212,-0.029525757,-0.042755127,-0.029556274,0.026947021,-0.011062622,0.0008635521,-0.051727295,0.00497818,-0.0013332367,0.049468994,-0.0015192032,-0.014030457,-0.079589844,0.057861328,-0.03540039,-0.044311523,-0.031036377,-0.04437256,0.035369873,-0.06689453,0.049743652,-0.015274048,0.0056495667,-0.034606934,0.018478394,0.039978027,0.025039673,0.024490356,0.12261963,0.05758667,-0.03704834,-0.04034424,0.06225586,0.0072517395,-0.072021484,0.07574463,-0.017700195,0.027450562,0.039916992,-0.010047913,0.029556274,-0.070129395,-0.021194458,0.025772095,-0.0011587143,-0.0128479,0.037628174,-0.008476257,-0.051574707,-0.010910034,0.037872314,0.026763916,-0.028564453,0.008712769,0.04800415,-0.032226562,0.0423584,0.04034424,0.019363403,-0.014183044,-0.02935791,0.048431396,0.04067993,0.008888245,-0.078430176,-0.048309326,0.021514893,0.0026073456,0.07305908,0.039093018,0.03945923,-0.04626465,0.0037765503,0.0050315857,-0.09063721,-0.025375366,-0.041381836,0.020446777,-0.01675415,-0.06427002,0.004173279,0.018066406,-0.04034424,0.031036377,-0.0803833,-0.009857178,0.028182983,-0.042907715,0.0062179565,-0.019470215,0.0068511963,-0.002374649,0.030639648,-0.020111084,-0.07287598,0.086120605,0.034606934,0.009757996,0.07208252,-0.06323242,0.015350342,0.0012788773,-0.0035305023,0.08428955,-0.040924072,0.07092285,-0.06915283,-0.050231934,-0.059631348,-0.06726074,-0.049987793,0.028396606,0.03237915,0.0021591187,-0.0803833,0.013572693,-0.018295288,-0.04537964,0.011360168,-0.038208008,-0.038085938,-0.0025577545,0.026412964,0.0970459],
        'galéria, művészet, kiállítás',
        NOW() - INTERVAL '4 days',
        false
    ),
    (
        3005,
        'David Nyelviskola',
        'Angol és spanyol oktatás kis csoportokban és egyénileg.',
        '33445566-7788-4990-a112-ccddeeff0022',
        ARRAY ['https://picsum.photos/seed/teach1/400'],
        ST_GeogFromText('SRID=4326;POINT(19.1055 47.5165)'),
        300,
        1010,
        ARRAY [0.030700684,0.085998535,-0.033081055,0.015899658,0.07476807,0.033599854,-0.015586853,-0.011108398,0.0070648193,0.023132324,0.0118637085,-0.008308411,0.012207031,0.007972717,0.037078857,-0.043914795,0.0033950806,-0.030761719,0.006008148,-0.018692017,0.015525818,0.0025920868,-0.008804321,4.4226646e-05,-0.05126953,-0.037261963,-0.027633667,0.044799805,-0.015052795,0.033447266,0.0066108704,-0.031219482,0.03277588,-0.023468018,-0.02659607,-0.0513916,0.11462402,0.03189087,-0.02609253,0.029312134,0.0552063,-0.0032310486,-0.038909912,0.08807373,-0.089782715,-0.0039100647,-0.06939697,0.009315491,-0.068725586,-0.052947998,-0.01411438,-0.08886719,-0.014213562,0.0028514862,-0.013420105,-0.009757996,0.07757568,0.06628418,-0.028915405,0.055755615,0.007217407,0.008552551,-0.06970215,-0.023147583,0.0023612976,-0.021392822,-0.0025615692,-0.0075645447,-0.029663086,-0.025024414,0.04248047,-0.0023326874,0.008857727,-0.0012292862,0.05429077,-0.00440979,0.07836914,-0.00059986115,-0.0062789917,-0.06707764,0.011489868,0.018188477,-0.003118515,-0.032714844,0.06555176,0.016555786,-0.025848389,-0.113098145,-0.01260376,-0.019332886,0.0006723404,-0.011352539,0.006668091,-0.015014648,0.047912598,-0.02494812,0.056152344,0.012550354,0.01033783,-0.04296875,-0.023498535,-0.014724731,0.017593384,-0.09423828,0.07122803,0.032562256,0.03753662,0.016464233,-0.0151901245,-0.047332764,0.0017824173,-0.034576416,-0.009246826,0.0061416626,0.0020332336,-0.010719299,-0.03289795,-0.095458984,-0.00075244904,-0.012130737,-0.018920898,-0.08734131,0.08807373,0.050964355,-0.09863281,0.09338379,0.032073975,0.060455322,-0.047454834,0.01927185,0.018737793,0.05038452,0.03366089,0.107299805,0.06414795,-0.033355713,0.00894165,-0.023620605,-0.03930664,0.03567505,-0.14367676,-0.009597778,-0.03970337,-0.024459839,-0.040252686,-0.043792725,-0.0129852295,0.0019798279,-0.037078857,0.03665161,0.045074463,-0.0231781,-0.05783081,-0.038024902,-0.006439209,-0.0770874,-0.036590576,-0.06964111,-0.011352539,0.04916382,0.0357666,-0.013084412,0.011413574,0.031829834,0.04196167,-0.044708252,0.004196167,-0.0501709,-0.023117065,0.059783936,0.05279541,-0.03137207,-0.049804688,0.006965637,-0.04196167,0.01638794,0.01499176,0.07287598,-0.04345703,0.0039787292,-0.005039215,0.030014038,-0.0055389404,-0.03930664,-0.021881104,-0.045135498,0.095214844,0.04046631,0.0769043,-0.021057129,0.089538574,-0.0079574585,-0.012702942,0.06021118,0.021148682,-0.026565552,-0.08337402,-0.019241333,-0.10180664,-0.018936157,-0.036102295,-0.064208984,0.040100098,0.044555664,-0.007522583,-0.0036334991,-0.031204224,0.05630493,0.0076942444,-0.010307312,-0.005340576,0.024719238,0.0259552,0.03427124,0.035003662,-0.017059326,-0.0035324097,0.02998352,0.043762207,-0.04095459,0.13452148,-0.09869385,0.041809082,0.015731812,-0.028198242,0.03353882,0.01184082,0.043823242,-0.05496216,-0.008735657,0.026947021,0.03857422,-0.101745605,-0.05783081,-0.0063323975,-0.02545166,0.03112793,-0.00013768673,0.009094238,-0.029174805,0.0028362274,0.11798096,-0.049041748,-0.06604004,-0.041168213,0.029418945,0.031707764,0.031341553,-0.011756897,0.018249512,0.00044989586,-0.014785767,0.0670166,0.015304565,0.016113281,0.06976318,0.07489014,0.015686035,-0.05328369,0.018417358,-0.039367676,0.059783936,-0.032928467,-0.021896362,0.046783447,-0.0013189316,0.059539795,-0.052886963,-0.08416748,-0.03112793,0.014595032,-0.05493164,-0.053100586,0.05557251,0.02432251,0.04055786,0.06762695,-0.030181885,0.028579712,0.08496094,-0.08862305,-0.0703125,-0.041656494,0.0051193237,-0.06262207,0.0023784637,-0.06384277,-0.009277344,-0.002111435,0.031082153,-0.0027122498,-0.02734375,-0.03555298,0.013572693,-0.048919678,0.0017814636,0.038848877,-0.012031555,-0.013580322,-0.040100098,-0.013656616,-0.055267334,-0.009994507,-0.005264282,0.0715332,0.060058594,0.043914795,0.08099365,-0.07946777,-0.0814209,-0.012413025,-0.002231598,0.013671875,-0.0059165955,-0.079589844,-0.038146973,-0.022094727,-0.0037384033,-0.009498596,-0.04852295,0.037475586,-0.054138184,-0.06628418,-0.037200928,0.008995056,-0.024932861,0.017959595,-0.02545166,0.020965576,-0.01864624,-0.10449219,0.024261475,0.05770874,0.0715332,-0.025878906,-0.011253357,0.027114868,0.0116119385,-0.064331055,-0.07788086,-0.014526367,-0.036590576,-0.09509277,0.03366089,-0.061767578,0.015914917,-0.073913574,-0.015312195,0.04824829,0.062042236,0.0008363724,0.042877197,0.012359619,0.036987305,0.037994385,0.007881165,0.020324707,-0.021240234,0.02998352,0.020568848,0.012466431,-0.0128479,0.01914978,0.015068054,-0.005874634,0.010284424,0.026763916,0.035614014,-0.006351471,-0.0014848709,-0.09820557,0.06555176,0.0056610107,0.037017822,-0.10241699,-0.016143799,-0.0005083084,-0.06573486,-0.0058631897,0.0090408325,0.012191772,-0.055114746,0.0034542084,0.028625488,-0.018997192,-0.015029907,0.04928589,0.033691406,-0.11529541,-0.044708252,-0.029418945,0.0657959,0.0031414032,-0.029388428,0.05834961,0.07318115,-0.017807007,0.02407837,-0.02204895,0.014595032,-0.03930664,0.0541687,-0.04534912,-0.0003170967,0.03302002,-0.091918945,-0.020584106,0.012420654,0.036956787,0.018249512,0.0018014908,-0.020523071,0.00579834,-0.029449463,-0.011276245,0.083984375,-0.00013518333,0.101623535,-0.03753662,0.0079422,0.08502197,-0.03326416,-0.056549072,0.023269653,-0.097839355,0.050048828,-0.0385437,0.010894775,0.055999756,-0.03314209,0.011436462,0.015525818,0.019592285,-0.006000519,0.04711914,-0.11566162,-0.020370483,-0.043792725,0.013435364,0.027633667,-0.06286621,0.013916016,-0.08251953,-0.037963867,-0.020614624,-0.03451538,0.029937744,-0.033050537,-0.0110321045,0.033935547,-0.012016296,-0.030700684,-0.089416504,-0.032836914,0.039642334,0.026763916,0.064575195,0.020324707,0.040496826,-0.03918457,0.018539429,-0.0014362335,-0.018051147,-0.016952515,-0.037384033,0.032470703,-0.0385437,0.0019264221,0.01802063,0.035491943,-0.029510498,-0.06866455,-0.03451538,0.021377563,0.017593384,-0.020935059,-0.024398804,0.049468994,-0.004501343,-0.019546509,-0.058502197,-0.04067993,-0.052093506,0.07104492,-0.0034732819,-0.017852783,0.06549072,-0.009262085,-0.0066871643,0.083618164,-0.04248047,0.07550049,-0.05154419,0.034820557,-0.012023926,-9.3996525e-05,0.030014038,-0.08178711,-0.041534424,0.007751465,-0.08416748,-0.041412354,-0.034729004,0.006542206,0.031173706,0.00013875961,0.007850647,-0.07757568,-0.007446289,0.022155762,-0.016448975,-0.017547607],
        'nyelvtanulás, angol, spanyol, oktatás',
        NOW() - INTERVAL '6 hours',
        false
    );
-- Additional buziness recommendations (author ≠ buziness author)
INSERT INTO public."buzinessRecommendations" (id, author, buziness_id, created_at)
VALUES (
        2104,
        'e1e2e3e4-e5e6-4e7e-8e9e-0e1e2e3e4e5e',
        2003,
        NOW() - INTERVAL '3 days'
    ),
    -- bence → Zöld Piac (author: zsofi)
    (
        2105,
        'f1f2f3f4-f5f6-4f7f-8f9f-0f1f2f3f4f5f',
        2001,
        NOW() - INTERVAL '2 days'
    ),
    -- anna → Helyi Pékseg (author: luna)
    (
        2106,
        '11223344-5566-4778-8990-aabbccddee00',
        2002,
        NOW() - INTERVAL '1 day'
    ),
    -- peter → Kávé Sarki (author: marci)
    (
        2107,
        '22334455-6677-4889-9001-bbccddeeff11',
        2005,
        NOW() - INTERVAL '18 hours'
    ),
    -- reka → Futó Klub (author: marci)
    (
        2108,
        '33445566-7788-4990-a112-ccddeeff0022',
        2004,
        NOW() - INTERVAL '8 hours'
    ),
    -- david → Kézműves Műhely (author: luna)
    (
        2109,
        'b6d1e2c3-4f5a-6b7c-8d9e-0f1a2b3c4d5e',
        3001,
        NOW() - INTERVAL '1 day'
    ),
    -- marci → Anna Jóga Stúdió
    (
        2110,
        'c7e8f9a0-1b2c-3d4e-5f60-7a8b9c0d1e2f',
        3002,
        NOW() - INTERVAL '12 hours'
    ),
    -- zsofi → Bence Kerékpár Műhely
    (
        2111,
        'a3f8b9f2-3b1a-4a49-9a27-3e7f0e9d1c01',
        3005,
        NOW() - INTERVAL '4 hours'
    ),
    -- luna → David Nyelviskola
    (
        2112,
        'e1e2e3e4-e5e6-4e7e-8e9e-0e1e2e3e4e5e',
        3004,
        NOW() - INTERVAL '2 hours'
    ),
    -- bence → Réka Galéria
    (
        2113,
        'd1e2f3a4-b5c6-4d7e-8f90-a1b2c3d4e5f6',
        3003,
        NOW() - INTERVAL '1 hour'
    );
-- tesztfife → Péter Könyvesbol
-- Profile recommendations (pajtások / buddies)
INSERT INTO public."profileRecommendations" (id, author, profile_id, created_at)
VALUES (
        3101,
        'a3f8b9f2-3b1a-4a49-9a27-3e7f0e9d1c01',
        'b6d1e2c3-4f5a-6b7c-8d9e-0f1a2b3c4d5e',
        NOW() - INTERVAL '5 days'
    ),
    -- luna → marci
    (
        3102,
        'b6d1e2c3-4f5a-6b7c-8d9e-0f1a2b3c4d5e',
        'a3f8b9f2-3b1a-4a49-9a27-3e7f0e9d1c01',
        NOW() - INTERVAL '4 days'
    ),
    -- marci → luna
    (
        3103,
        'c7e8f9a0-1b2c-3d4e-5f60-7a8b9c0d1e2f',
        'a3f8b9f2-3b1a-4a49-9a27-3e7f0e9d1c01',
        NOW() - INTERVAL '3 days'
    ),
    -- zsofi → luna
    (
        3104,
        'e1e2e3e4-e5e6-4e7e-8e9e-0e1e2e3e4e5e',
        'f1f2f3f4-f5f6-4f7f-8f9f-0f1f2f3f4f5f',
        NOW() - INTERVAL '2 days'
    ),
    -- bence → anna
    (
        3105,
        'f1f2f3f4-f5f6-4f7f-8f9f-0f1f2f3f4f5f',
        'e1e2e3e4-e5e6-4e7e-8e9e-0e1e2e3e4e5e',
        NOW() - INTERVAL '2 days'
    ),
    -- anna → bence
    (
        3106,
        '11223344-5566-4778-8990-aabbccddee00',
        '22334455-6677-4889-9001-bbccddeeff11',
        NOW() - INTERVAL '1 day'
    ),
    -- peter → reka
    (
        3107,
        '22334455-6677-4889-9001-bbccddeeff11',
        'a3f8b9f2-3b1a-4a49-9a27-3e7f0e9d1c01',
        NOW() - INTERVAL '12 hours'
    ),
    -- reka → luna
    (
        3108,
        '33445566-7788-4990-a112-ccddeeff0022',
        'b6d1e2c3-4f5a-6b7c-8d9e-0f1a2b3c4d5e',
        NOW() - INTERVAL '6 hours'
    );
-- david → marci
-- ============================================================
-- Batch 3: 8 more users, profiles, contacts, buzinesses, recommendations
-- ============================================================
INSERT INTO auth.users (
        id,
        instance_id,
        aud,
        role,
        email,
        encrypted_password,
        email_confirmed_at,
        raw_app_meta_data,
        raw_user_meta_data,
        is_super_admin,
        created_at,
        updated_at,
        confirmation_token,
        recovery_token,
        email_change_token_new,
        email_change
    )
VALUES (
        '44556677-8899-4aab-bcc0-ddeeff001133',
        '00000000-0000-0000-0000-000000000000',
        'authenticated',
        'authenticated',
        'eszter@example.com',
        extensions.crypt('Password123!', extensions.gen_salt('bf')),
        NOW(),
        '{"provider":"email","providers":["email"]}',
        '{"full_name":"Eszter Horvath","avatar_url":"https://picsum.photos/seed/eszter/200"}',
        false,
        NOW(),
        NOW(),
        '',
        '',
        '',
        ''
    ),
    (
        '55667788-99aa-4bbc-cdd1-eeff00112244',
        '00000000-0000-0000-0000-000000000000',
        'authenticated',
        'authenticated',
        'gabor@example.com',
        extensions.crypt('Password123!', extensions.gen_salt('bf')),
        NOW(),
        '{"provider":"email","providers":["email"]}',
        '{"full_name":"Gabor Kiss","avatar_url":"https://picsum.photos/seed/gabor/200"}',
        false,
        NOW(),
        NOW(),
        '',
        '',
        '',
        ''
    ),
    (
        '66778899-aabb-4ccd-dee2-ff0011223355',
        '00000000-0000-0000-0000-000000000000',
        'authenticated',
        'authenticated',
        'nora@example.com',
        extensions.crypt('Password123!', extensions.gen_salt('bf')),
        NOW(),
        '{"provider":"email","providers":["email"]}',
        '{"full_name":"Nora Balogh","avatar_url":"https://picsum.photos/seed/nora/200"}',
        false,
        NOW(),
        NOW(),
        '',
        '',
        '',
        ''
    ),
    (
        '7788aabb-bbcc-4dde-eff3-001122334466',
        '00000000-0000-0000-0000-000000000000',
        'authenticated',
        'authenticated',
        'adam@example.com',
        extensions.crypt('Password123!', extensions.gen_salt('bf')),
        NOW(),
        '{"provider":"email","providers":["email"]}',
        '{"full_name":"Adam Papp","avatar_url":"https://picsum.photos/seed/adam/200"}',
        false,
        NOW(),
        NOW(),
        '',
        '',
        '',
        ''
    ),
    (
        '8899bbcc-ccdd-4eef-f004-112233445577',
        '00000000-0000-0000-0000-000000000000',
        'authenticated',
        'authenticated',
        'klara@example.com',
        extensions.crypt('Password123!', extensions.gen_salt('bf')),
        NOW(),
        '{"provider":"email","providers":["email"]}',
        '{"full_name":"Klara Nemeth","avatar_url":"https://picsum.photos/seed/klara/200"}',
        false,
        NOW(),
        NOW(),
        '',
        '',
        '',
        ''
    ),
    (
        '99aaccdd-ddee-4ff0-0115-223344556688',
        '00000000-0000-0000-0000-000000000000',
        'authenticated',
        'authenticated',
        'tamas@example.com',
        extensions.crypt('Password123!', extensions.gen_salt('bf')),
        NOW(),
        '{"provider":"email","providers":["email"]}',
        '{"full_name":"Tamas Farkas","avatar_url":"https://picsum.photos/seed/tamas/200"}',
        false,
        NOW(),
        NOW(),
        '',
        '',
        '',
        ''
    ),
    (
        'aabbddee-eeff-4001-1226-334455667799',
        '00000000-0000-0000-0000-000000000000',
        'authenticated',
        'authenticated',
        'judit@example.com',
        extensions.crypt('Password123!', extensions.gen_salt('bf')),
        NOW(),
        '{"provider":"email","providers":["email"]}',
        '{"full_name":"Judit Szucs","avatar_url":"https://picsum.photos/seed/judit/200"}',
        false,
        NOW(),
        NOW(),
        '',
        '',
        '',
        ''
    ),
    (
        'bbcceeff-ff00-4112-2337-445566778800',
        '00000000-0000-0000-0000-000000000000',
        'authenticated',
        'authenticated',
        'balazs@example.com',
        extensions.crypt('Password123!', extensions.gen_salt('bf')),
        NOW(),
        '{"provider":"email","providers":["email"]}',
        '{"full_name":"Balazs Orban","avatar_url":"https://picsum.photos/seed/balazs/200"}',
        false,
        NOW(),
        NOW(),
        '',
        '',
        '',
        ''
    );
INSERT INTO public.profiles (
        id,
        username,
        full_name,
        avatar_url,
        website,
        created_at,
        viewed_functions,
        location
    )
VALUES (
        '44556677-8899-4aab-bcc0-ddeeff001133',
        'eszter',
        'Eszter Horvath',
        'https://picsum.photos/seed/eszter/200',
        NULL,
        NOW(),
        ARRAY ['map'],
        ST_GeogFromText('SRID=4326;POINT(19.0210 47.5080)')
    ),
    (
        '55667788-99aa-4bbc-cdd1-eeff00112244',
        'gabor',
        'Gabor Kiss',
        'https://picsum.photos/seed/gabor/200',
        'https://gaborkiss.dev',
        NOW(),
        ARRAY ['create-buziness','profile'],
        ST_GeogFromText('SRID=4326;POINT(19.0650 47.5250)')
    ),
    (
        '66778899-aabb-4ccd-dee2-ff0011223355',
        'nora',
        'Nora Balogh',
        'https://picsum.photos/seed/nora/200',
        NULL,
        NOW(),
        ARRAY ['map','comments'],
        ST_GeogFromText('SRID=4326;POINT(18.9700 47.4850)')
    ),
    (
        '7788aabb-bbcc-4dde-eff3-001122334466',
        'adam',
        'Adam Papp',
        'https://picsum.photos/seed/adam/200',
        NULL,
        NOW(),
        ARRAY ['profile'],
        ST_GeogFromText('SRID=4326;POINT(19.1200 47.4780)')
    ),
    (
        '8899bbcc-ccdd-4eef-f004-112233445577',
        'klara',
        'Klara Nemeth',
        'https://picsum.photos/seed/klara/200',
        'https://klaranemeth.art',
        NOW(),
        ARRAY ['create-buziness'],
        ST_GeogFromText('SRID=4326;POINT(19.0450 47.4600)')
    ),
    (
        '99aaccdd-ddee-4ff0-0115-223344556688',
        'tamas',
        'Tamas Farkas',
        'https://picsum.photos/seed/tamas/200',
        NULL,
        NOW(),
        ARRAY ['map'],
        ST_GeogFromText('SRID=4326;POINT(19.0900 47.5350)')
    ),
    (
        'aabbddee-eeff-4001-1226-334455667799',
        'judit',
        'Judit Szucs',
        'https://picsum.photos/seed/judit/200',
        NULL,
        NOW(),
        ARRAY ['comments','profile'],
        ST_GeogFromText('SRID=4326;POINT(18.9850 47.5120)')
    ),
    (
        'bbcceeff-ff00-4112-2337-445566778800',
        'balazs',
        'Balazs Orban',
        'https://picsum.photos/seed/balazs/200',
        'https://balazs.example.com',
        NOW(),
        ARRAY ['map','create-buziness'],
        ST_GeogFromText('SRID=4326;POINT(19.0580 47.4720)')
    );
-- Contacts for batch 3 users
INSERT INTO public.contacts (id, type, data, title, public, author)
VALUES (
        1012,
        'TEL',
        '+36 30 555 0101',
        'Telefon',
        true,
        '44556677-8899-4aab-bcc0-ddeeff001133'
    ),
    (
        1013,
        'INSTAGRAM',
        'eszter.horvath_',
        'Instagram',
        true,
        '44556677-8899-4aab-bcc0-ddeeff001133'
    ),
    (
        1014,
        'WEB',
        'https://gaborkiss.dev',
        'Web',
        true,
        '55667788-99aa-4bbc-cdd1-eeff00112244'
    ),
    (
        1015,
        'EMAIL',
        'nora@balogh.hu',
        'E-mail',
        true,
        '66778899-aabb-4ccd-dee2-ff0011223355'
    ),
    (
        1016,
        'TEL',
        '+36 20 444 7777',
        'Telefon',
        true,
        '7788aabb-bbcc-4dde-eff3-001122334466'
    ),
    (
        1017,
        'WEB',
        'https://klaranemeth.art',
        'Web',
        true,
        '8899bbcc-ccdd-4eef-f004-112233445577'
    ),
    (
        1018,
        'EMAIL',
        'tamas@farkas.hu',
        'E-mail',
        true,
        '99aaccdd-ddee-4ff0-0115-223344556688'
    ),
    (
        1019,
        'FACEBOOK',
        'JuditSzucsEvents',
        'Facebook',
        true,
        'aabbddee-eeff-4001-1226-334455667799'
    ),
    (
        1020,
        'TEL',
        '+36 70 888 3344',
        'Telefon',
        true,
        'bbcceeff-ff00-4112-2337-445566778800'
    ),
    (
        1021,
        'INSTAGRAM',
        'balazs.orban',
        'Instagram',
        true,
        'bbcceeff-ff00-4112-2337-445566778800'
    );
-- Buziness entries for batch 3
INSERT INTO public.buziness (
        id,
        title,
        description,
        author,
        images,
        location,
        radius,
        "defaultContact",
        embedding,
        embedding_text,
        created_at
    )
VALUES (
        4001,
        'Eszter Masszázs',
        'Svéd és sportmasszázs előjegyzéssel, otthon is.',
        '44556677-8899-4aab-bcc0-ddeeff001133',
        ARRAY ['https://picsum.photos/seed/massage1/400'],
        ST_GeogFromText('SRID=4326;POINT(19.0215 47.5085)'),
        180,
        1012,
        ARRAY [0.08538818,0.07080078,-0.031341553,-0.008613586,0.09509277,-0.018844604,0.001531601,-0.0030441284,0.024429321,0.06604004,0.0011796951,-0.020706177,-0.032836914,0.0625,0.062042236,-0.10296631,0.0054473877,-0.060180664,-0.08282471,-0.05331421,0.037719727,-0.0006866455,0.0024471283,-0.020187378,0.003578186,0.0002193451,0.00025606155,0.050811768,0.007171631,0.01979065,-0.010124207,0.008811951,0.012458801,0.051818848,-0.036102295,-0.006088257,0.079589844,0.073791504,0.057037354,0.028518677,-0.008033752,0.03765869,0.004722595,-0.0102005005,-0.056243896,-0.013587952,0.001364708,0.064575195,-0.023513794,-0.05783081,-0.01612854,-0.04208374,-0.0036296844,-0.022888184,-0.020401001,-0.09906006,0.040374756,0.14208984,0.019592285,0.09814453,-0.013069153,-0.018554688,0.025360107,-0.016571045,-0.04296875,-0.034088135,0.0107421875,0.0007300377,-0.038604736,0.040283203,-0.015975952,-0.019866943,-0.0019311905,-0.028366089,0.04800415,0.016326904,0.0033473969,0.033843994,-0.04058838,-0.07324219,0.06640625,0.047058105,0.034210205,-0.06628418,0.046142578,0.023834229,-0.021011353,-0.11816406,-0.014846802,0.05709839,-0.007621765,0.01322937,0.03756714,0.020309448,0.06060791,-0.013847351,-0.0065460205,-0.010681152,0.06451416,0.028244019,-0.02911377,-0.05331421,-0.0006403923,-0.11932373,0.13012695,0.056488037,-0.031173706,0.027420044,-0.007537842,-0.070373535,-0.022003174,-0.019241333,-0.004589081,0.034362793,-0.024887085,0.0046958923,-0.042785645,-0.11212158,0.04006958,0.03756714,-0.04660034,-0.048675537,0.040649414,0.031402588,-0.01386261,0.022598267,0.0011768341,0.048553467,-0.0017061234,0.0013513565,0.004562378,0.07299805,0.0026397705,0.084472656,0.047088623,-0.039215088,0.021713257,-0.03048706,-0.0047340393,-0.0056419373,-0.0758667,0.027053833,-0.0032958984,-0.03375244,-0.08984375,-0.06707764,0.05404663,0.0033168793,-0.039367676,-0.0062026978,-0.0006837845,0.01449585,-0.016189575,-0.044952393,0.016921997,-0.11260986,-0.0070877075,-0.026901245,0.062347412,0.066467285,0.04257202,-0.015312195,-0.03717041,0.016723633,-0.0015659332,0.024963379,-0.021652222,-0.06124878,0.04611206,0.08258057,-0.042266846,-0.030853271,-0.053253174,0.04006958,0.03744507,0.048675537,0.026489258,0.078125,-0.07385254,-0.016159058,0.011993408,0.06829834,0.013191223,-0.039642334,0.007637024,-0.031173706,-0.03479004,0.010925293,0.10412598,-0.07531738,0.03277588,-0.012550354,-0.031585693,-0.03062439,0.052459717,-0.07122803,0.022262573,0.07788086,-0.016601562,-0.040496826,-0.02708435,-0.05227661,0.007850647,0.019897461,-0.0061454773,-0.00932312,0.038024902,-0.029037476,0.013710022,0.021957397,-0.046051025,0.15075684,0.06121826,-0.041381836,0.01184845,-0.00032687187,0.0008158684,0.08099365,0.025039673,-0.016723633,0.049804688,-0.06542969,0.017593384,-0.00667572,-0.007472992,0.05709839,-0.042755127,0.006416321,0.0029506683,-0.014381409,0.07324219,-0.022644043,-0.024963379,-0.03338623,-0.022644043,-0.025970459,0.013664246,-0.059661865,-0.06011963,-0.032196045,-0.044647217,0.06439209,0.017837524,0.05758667,-0.04156494,-0.019104004,0.0231781,0.04812622,-0.0048828125,0.06341553,-0.011238098,-0.03463745,0.047180176,0.062408447,-0.03866577,0.03074646,0.085510254,-0.028671265,-0.005004883,-0.032928467,-0.053253174,0.027008057,0.029632568,0.01084137,0.07733154,-0.0066070557,0.0043792725,0.026107788,-0.043426514,-0.033721924,0.009963989,-0.01802063,0.022827148,0.017684937,0.033996582,0.05227661,-0.0014801025,-0.030456543,0.00030183792,0.074523926,-0.054595947,-0.043548584,0.059509277,0.052734375,-0.020202637,0.055786133,-0.016967773,-0.0010576248,0.04888916,-0.035339355,0.017349243,-0.06488037,0.0071907043,0.040802002,-0.037872314,-0.05227661,0.042022705,-0.0038871765,0.017791748,0.012077332,-0.06842041,0.046203613,0.0044898987,-0.059661865,-0.005809784,0.02784729,0.051239014,-0.0061454773,-0.08154297,-0.016967773,-0.03277588,0.01184082,0.005126953,-0.019378662,-0.043395996,-0.018661499,-0.06982422,-0.0054130554,-0.039520264,-0.014816284,0.03466797,0.062042236,-0.0769043,-0.06317139,-0.093322754,-0.03062439,0.035095215,-0.035888672,0.0793457,-0.018753052,-0.07873535,0.054260254,0.057281494,-0.008277893,-0.05923462,-0.0068893433,-0.024337769,-0.058929443,-0.062438965,-0.05392456,-0.040374756,0.056884766,0.0061683655,0.030548096,0.012069702,0.080444336,-0.015304565,-0.049743652,-0.0041503906,0.0064353943,0.00066947937,-0.06323242,-0.019561768,-0.0077438354,0.0012159348,-0.045074463,0.033416748,-0.027175903,0.013725281,-0.03466797,-0.02470398,0.00894165,-0.026779175,-0.038848877,0.066101074,-0.026138306,0.024505615,-0.010475159,0.017700195,0.0013895035,-0.026428223,0.014595032,0.047821045,0.0040626526,-0.101745605,-0.031204224,0.050476074,-0.04660034,-0.0021820068,0.012611389,-0.072265625,-0.031402588,-0.04800415,-0.0077209473,-0.007270813,-0.0032234192,-0.005508423,0.055389404,-0.03704834,-0.04043579,-0.01939392,0.10900879,0.0065956116,-0.033843994,-0.014877319,0.015266418,-0.003484726,0.05078125,-0.013343811,-0.04727173,-0.03677368,-0.013153076,-0.058624268,-0.0011529922,-0.0027275085,-0.042419434,-0.0037879944,-0.035888672,0.0024471283,0.040161133,-0.05166626,-0.111816406,0.047943115,-0.0042304993,0.03982544,0.0597229,0.045532227,0.0473938,0.0027885437,-0.053253174,0.06542969,-0.003704071,-0.10345459,0.061950684,-0.055603027,0.03491211,-0.029937744,-0.028823853,0.051574707,0.02217102,-0.004169464,-0.058776855,-0.019226074,-0.05014038,0.035705566,-0.07922363,-0.0289917,-0.040802002,-0.010025024,-0.03286743,-0.032836914,-0.052764893,0.07342529,-0.06185913,0.06451416,-0.02796936,0.076049805,0.005180359,-0.025299072,-0.03274536,0.0069885254,-0.022460938,0.041015625,0.02130127,-0.010406494,-0.07080078,0.03173828,0.060821533,0.010391235,-0.016021729,-0.024673462,-0.072265625,0.012832642,-0.012077332,-0.041412354,0.0010795593,0.0036678314,-0.033966064,0.0025234222,0.07946777,-0.08093262,-0.01928711,-0.01525116,-0.018920898,0.04159546,0.061798096,-0.00945282,-0.016220093,0.013381958,0.0096588135,-0.0060272217,0.0041503906,0.042541504,0.07659912,0.006980896,-0.0063056946,0.06970215,-0.014144897,0.0058403015,0.0011701584,-0.027679443,0.0927124,-0.029586792,0.06713867,-0.035705566,0.009887695,0.011390686,-0.079956055,-0.027450562,0.039916992,-0.040618896,0.04421997,-0.029937744,-0.027175903,0.014633179,-0.023071289,-0.007896423,-0.06903076,0.002588272,-0.021377563,0.05911255,0.10681152],
        'masszázs, wellness, sport',
        NOW() - INTERVAL '3 days'
    ),
    (
        4002,
        'Gabor IT Tanácsadó',
        'Web fejlesztés és IT tanácsadás kis vállalkozásoknak.',
        '55667788-99aa-4bbc-cdd1-eeff00112244',
        ARRAY ['https://picsum.photos/seed/it1/400','https://picsum.photos/seed/it2/400'],
        ST_GeogFromText('SRID=4326;POINT(19.0655 47.5255)'),
        100,
        1014,
        ARRAY [0.03778076,0.024291992,-0.046722412,0.0032081604,0.07861328,0.042541504,-0.044067383,0.012710571,-0.0010185242,0.061279297,0.07147217,-0.028564453,-0.04586792,-0.01184845,0.037719727,-0.05331421,0.0039749146,-0.040802002,0.0025348663,-0.05038452,0.054656982,-0.043701172,-0.0031166077,-0.017745972,-0.092163086,-0.010475159,-0.034484863,0.016067505,-0.035217285,0.0690918,0.017822266,-0.0020809174,0.0158844,0.015167236,-0.012924194,-0.04638672,0.07098389,0.027038574,0.018585205,0.019714355,0.030563354,0.018249512,-0.09240723,0.06365967,-0.0904541,0.0072669983,-0.021453857,0.012794495,-0.044830322,-0.016159058,-0.00945282,-0.04208374,0.008682251,-0.014602661,-0.04144287,-0.05001831,0.053466797,0.11834717,-0.0045318604,0.10333252,-0.034179688,0.0070762634,-0.08996582,0.016357422,0.012031555,-0.0025997162,-0.09832764,0.010498047,-0.014083862,0.033569336,0.017791748,-0.015731812,-0.0070114136,0.027557373,0.062683105,0.0034122467,0.030975342,-0.038085938,0.025314331,0.033416748,0.08300781,-0.0074157715,0.026351929,0.020233154,0.020492554,0.024169922,-0.008300781,-0.09576416,-0.019424438,-0.005809784,-0.042755127,-0.0002734661,0.04031372,0.00869751,0.058441162,-0.030578613,-0.00076675415,0.02305603,0.0423584,-0.046020508,-0.064697266,-0.017913818,-0.04827881,-0.056152344,0.035369873,0.05368042,-0.006717682,0.017822266,-0.050842285,-0.1373291,-0.008926392,-0.036346436,-0.034088135,-0.009208679,-0.04940796,-0.032287598,0.0061798096,-0.09259033,-0.005870819,0.035583496,-0.020248413,-0.056243896,0.026870728,-0.008590698,-0.08258057,0.05670166,0.0011110306,0.020690918,-0.064941406,0.026382446,-0.022445679,-0.0060691833,-0.0022659302,0.07043457,0.035736084,0.060455322,0.030944824,-0.0061149597,-0.027038574,-0.0055236816,-0.14953613,-0.005622864,-0.041900635,-0.053375244,-0.054595947,-0.034942627,-0.001206398,0.050476074,-0.034698486,-0.012680054,0.07891846,0.018569946,-0.067871094,0.044006348,0.06335449,-0.06970215,-0.027526855,-0.002325058,-0.02973938,0.044830322,0.0011558533,0.0005311966,-0.013092041,0.02835083,-0.002450943,-0.0058288574,-0.010765076,-0.0491333,-0.024246216,0.06359863,-0.011802673,-0.02230835,-0.076171875,0.038208008,-0.004798889,0.057678223,0.010017395,0.02671814,-0.047912598,0.046875,0.008712769,0.0048332214,0.05886841,-0.057739258,-0.001244545,-0.012321472,0.08148193,0.11517334,0.058288574,-0.059173584,0.047546387,0.011558533,0.06604004,0.030578613,0.028381348,-0.067871094,-0.046966553,0.02960205,-0.082214355,-0.028503418,-0.037902832,-0.04827881,0.013435364,0.063964844,0.05444336,0.020019531,0.016174316,0.023834229,-0.034332275,-0.0020599365,0.012840271,0.03878784,0.08258057,0.02973938,0.0025100708,-0.013549805,-0.0019664764,0.05569458,0.020065308,-0.021087646,0.1171875,-0.043273926,0.0770874,0.026123047,-0.013290405,0.011436462,-0.018310547,0.04824829,-0.08178711,0.02204895,-0.0067749023,-0.013031006,-0.085510254,-0.05441284,-0.021224976,-0.016036987,0.042938232,-0.0013027191,0.0012493134,-0.008590698,0.010673523,0.083984375,-0.07110596,-0.002067566,-0.015037537,0.02330017,-0.03366089,-0.017349243,-0.048858643,0.029510498,0.02809143,0.0017576218,0.070007324,0.016708374,0.010932922,0.040771484,0.09088135,-0.002216339,-0.06188965,0.016143799,0.017608643,0.05029297,-0.029632568,-0.01979065,0.06903076,-0.030975342,0.039398193,-0.010513306,-0.02268982,-0.009567261,0.0034828186,-0.025405884,-0.058258057,-0.018478394,0.0012397766,0.06359863,0.08416748,-0.0703125,0.0060920715,0.114868164,-0.064453125,-0.012145996,-0.032989502,-0.002298355,-0.024856567,0.06994629,-0.06921387,0.02180481,-0.023422241,-0.008590698,-0.006965637,-0.044311523,-0.0073051453,-0.05987549,-0.08630371,0.019454956,0.03201294,-0.0016918182,-0.011077881,-0.034484863,-0.03616333,-0.053527832,0.0015697479,-0.0002644062,0.036132812,0.05697632,0.02218628,0.038360596,-0.100097656,-0.035705566,-0.020599365,-0.04940796,-0.02835083,-0.024398804,-0.087402344,-0.07019043,-0.023086548,0.021209717,-0.02822876,-0.08251953,0.018325806,-0.025970459,-0.06286621,-0.06347656,-0.08508301,-0.029067993,0.05029297,0.015777588,0.015167236,-0.0124053955,-0.056610107,-0.03250122,0.06097412,0.007801056,-0.02458191,-0.02456665,-0.0053367615,-0.014526367,-0.014060974,-0.078063965,-0.061431885,-0.046661377,-0.011871338,0.0154953,-0.082214355,0.030044556,-0.050689697,-0.06585693,0.058044434,0.068115234,0.00080776215,-0.017089844,-0.0056991577,0.013191223,0.050201416,0.0115737915,-0.0035820007,-0.039916992,0.057159424,-0.009552002,0.038238525,-0.046539307,-0.04650879,-0.044677734,0.068359375,0.046142578,0.074523926,0.031173706,-0.0051612854,0.040985107,-0.09350586,-0.005531311,0.0062065125,-0.003566742,-0.07727051,0.019058228,-0.028503418,-0.09436035,-0.027374268,-0.008392334,-0.025421143,-0.039978027,-0.06750488,0.0077552795,-0.02305603,-0.03942871,0.060333252,0.036590576,-0.07092285,-0.04058838,-0.0037403107,0.072143555,-0.0039596558,0.006717682,0.015136719,0.042633057,-0.038391113,0.07409668,-0.031173706,0.012275696,-0.007896423,0.039398193,-0.014884949,0.006160736,0.0063934326,-0.07525635,0.039916992,-0.01802063,0.0057144165,0.07556152,-0.025421143,0.010559082,0.05279541,-0.01689148,0.04550171,0.06335449,0.025268555,0.09869385,-0.029815674,0.01701355,0.07659912,-0.0033607483,-0.0619812,-0.024551392,-0.027633667,0.06298828,0.010818481,0.00289917,0.07122803,0.0015039444,0.03894043,0.01687622,-0.012878418,-0.0124435425,0.029449463,-0.040161133,-0.027252197,-0.046325684,0.006839752,-0.026504517,-0.025543213,-0.02709961,9.7215176e-05,-0.0146102905,0.0579834,0.00029850006,-0.009056091,0.01171875,-0.0042419434,0.07324219,-0.045959473,0.008399963,-0.034729004,-0.047088623,0.08380127,-0.01398468,0.08734131,-0.021911621,0.06915283,-0.065979004,0.020645142,0.015716553,-0.052612305,-0.04458618,-0.039855957,-0.016082764,-0.06695557,-0.022003174,-0.0029411316,-0.032684326,-0.0178833,-0.0056419373,0.02532959,0.026275635,-0.021484375,-0.013420105,0.010032654,0.05203247,0.013214111,0.0061683655,-0.019210815,0.016052246,0.027816772,0.06311035,0.0181427,-0.031982422,0.08325195,0.015419006,0.039764404,0.03491211,-0.023651123,0.027923584,-0.0012245178,0.00088500977,0.004638672,0.025848389,-0.018585205,-0.13537598,-0.030639648,0.06359863,-0.06210327,-0.0064468384,-0.06677246,0.006576538,-0.0011739731,-0.07397461,-0.028839111,-0.056396484,0.008430481,0.07714844,-0.0234375,-0.04498291],
        'webfejlesztés, IT, tanácsadás',
        NOW() - INTERVAL '1 day'
    ),
    (
        4003,
        'Nora Otthoni Sütiző',
        'Rendelésre készült kézműves torták és sütemények.',
        '66778899-aabb-4ccd-dee2-ff0011223355',
        ARRAY ['https://picsum.photos/seed/cake1/400','https://picsum.photos/seed/cake2/400'],
        ST_GeogFromText('SRID=4326;POINT(18.9705 47.4855)'),
        50,
        1015,
        ARRAY [0.015357971,0.04421997,-0.044525146,-0.008666992,0.052612305,0.016525269,0.0579834,-0.02420044,-0.042755127,-0.004135132,0.0317688,-0.030197144,-0.068603516,-0.02420044,-0.00048279762,-0.112854004,0.019958496,-0.10168457,-0.04006958,-0.08428955,0.03149414,-0.056549072,-0.021316528,-0.032409668,0.07098389,0.042541504,-0.037506104,0.06689453,-0.007019043,0.04937744,0.029678345,-0.007396698,0.009399414,-0.019241333,0.057006836,-0.006729126,0.035705566,0.048828125,0.09875488,-0.043121338,0.03918457,0.022354126,-0.043151855,-0.0031261444,-0.0635376,0.004825592,-0.02420044,0.0181427,-0.050079346,0.004310608,0.0017204285,-0.049865723,0.043121338,0.010429382,0.0047950745,-0.0022659302,0.04837036,0.07421875,-0.024093628,0.011146545,-0.089904785,-0.042938232,-0.054656982,0.02947998,-0.0029010773,-0.024963379,-0.10290527,0.01902771,-0.012001038,0.06286621,0.016174316,-0.09692383,0.021820068,0.0143966675,0.060394287,-0.01676941,0.058898926,0.024734497,0.011932373,-0.036834717,0.052886963,0.021759033,0.023513794,-0.0020122528,0.010765076,0.0053215027,-0.0259552,-0.09765625,0.06793213,-0.010520935,-0.036712646,-0.03186035,-0.032226562,0.021072388,0.027862549,0.028320312,0.07720947,-0.012504578,0.054748535,0.072753906,-0.09313965,-0.032714844,-0.021499634,-0.038513184,0.021942139,0.041900635,-0.059448242,-0.015716553,-0.04168701,-0.23657227,-0.04827881,-0.009651184,-0.019714355,-0.023513794,0.01687622,0.015701294,-0.04006958,-0.016662598,0.03869629,-0.038604736,-0.00737381,0.0021705627,0.046875,-0.0006957054,0.031707764,-0.004917145,-0.018310547,-0.025238037,-0.021362305,0.012397766,-0.030563354,0.009254456,-0.017532349,0.060302734,0.05380249,-0.047058105,0.046325684,0.08831787,-0.020233154,0.007255554,-0.011039734,0.05709839,0.029220581,-0.10131836,-0.060058594,-0.021743774,0.03918457,-0.021133423,-0.013244629,0.011482239,-0.049957275,-0.008346558,-0.10369873,0.03729248,0.027359009,-0.03353882,-0.05392456,0.0079574585,0.003074646,0.037872314,-0.034210205,0.07043457,-0.011329651,0.0063095093,0.017471313,-0.058441162,-0.032592773,-0.066589355,-0.06402588,0.07330322,-0.03982544,0.006717682,-0.008644104,-0.012611389,-0.022140503,0.05581665,0.086364746,-0.021530151,0.019042969,0.029769897,-0.047668457,0.10510254,-0.023712158,-0.03427124,0.0076904297,0.04812622,-0.037078857,-0.028549194,0.09039307,-0.04940796,0.003200531,-0.016571045,-0.11431885,-0.005065918,0.07501221,-0.05633545,-0.051635742,0.00029444695,-0.010688782,0.009643555,0.05545044,-0.033843994,-0.0010156631,0.053833008,0.02835083,-0.030380249,0.013908386,0.037841797,-0.064086914,0.03881836,0.03253174,0.12207031,0.06536865,0.004638672,-0.007156372,9.769201e-05,0.0012159348,0.03161621,0.018737793,-0.049194336,0.07122803,-0.05606079,-0.02772522,-0.022964478,0.041625977,0.04510498,0.010902405,-0.0031776428,-0.0513916,-0.004512787,0.0149002075,-0.057250977,-0.05734253,-0.05807495,-0.08508301,-0.015670776,0.016082764,-0.042510986,-0.03756714,0.029129028,-0.00036907196,0.019088745,-0.092163086,0.0637207,-0.035095215,0.0026283264,0.006160736,-0.033843994,-0.05456543,-0.016906738,0.006942749,-0.009643555,0.046722412,0.05444336,-0.05834961,0.048553467,0.072021484,-0.018035889,0.0059661865,0.015060425,-0.016784668,-0.028411865,-0.028076172,0.043670654,0.059326172,0.025283813,-0.0057754517,-0.032287598,-0.03515625,0.03289795,0.084106445,-0.03768921,0.0026836395,-0.054382324,0.025512695,0.046142578,0.05166626,0.03866577,0.04638672,-0.0052948,-0.020019531,-0.03189087,-0.022491455,0.07952881,-0.02935791,0.057891846,-0.076538086,0.023071289,-0.0146484375,0.006126404,-0.020431519,-0.010322571,-0.027404785,0.0017108917,0.03616333,0.06842041,0.07611084,0.03515625,0.08282471,0.044006348,-0.072387695,0.0060691833,-0.016525269,-0.0018720627,-0.030654907,0.041900635,0.010940552,0.055236816,-0.026000977,-0.02619934,-0.08013916,0.040802002,0.074401855,-0.043640137,-0.104003906,-0.006000519,-0.006340027,0.06762695,0.066711426,-0.030517578,0.007965088,-0.040924072,-0.08105469,-0.07092285,-0.05227661,-0.004825592,0.05822754,0.005706787,0.05670166,-0.00434494,-0.034179688,-0.009384155,0.008125305,-0.01701355,-0.021560669,-0.03491211,-0.044036865,0.05718994,-0.01864624,-0.027145386,0.041534424,-0.012207031,-0.07006836,0.05380249,-0.025314331,-0.011505127,0.024475098,-0.0069732666,0.004573822,0.026229858,0.0005812645,-0.070739746,-0.038848877,0.019210815,0.059631348,-0.029891968,-0.01108551,0.0033817291,-0.033172607,0.0024528503,-0.057006836,0.012817383,-0.006126404,-0.012863159,0.11413574,0.027267456,0.0011472702,-7.355213e-05,-0.066711426,-0.054382324,-0.014015198,0.013572693,-0.07183838,-0.02331543,-0.04977417,-0.0005927086,-0.04244995,-0.02986145,-0.027175903,-0.012161255,0.020431519,-0.051208496,-0.11230469,0.01876831,-0.03704834,0.026260376,0.038848877,0.024505615,-0.013656616,0.010261536,-0.06677246,-0.004722595,-0.042541504,0.00756073,-0.05908203,0.015464783,0.02885437,0.0032672882,-0.058166504,0.037750244,-0.050811768,0.041625977,0.044921875,-0.037139893,0.04083252,-0.018936157,0.031158447,-0.09716797,-0.025375366,0.022964478,0.02418518,-0.021621704,0.09307861,0.025924683,-0.026489258,0.06524658,0.10369873,0.019180298,0.011062622,0.010986328,0.041748047,-0.007698059,-0.021438599,-0.0014715195,-0.017608643,0.016967773,0.030395508,0.012161255,-0.009605408,-0.0064201355,-0.012588501,0.031555176,-0.0059280396,-0.053253174,-0.049682617,-0.12927246,-0.046783447,0.042938232,-0.008773804,0.07165527,0.014427185,-0.08477783,0.02217102,0.0026054382,0.029724121,-0.041870117,0.050201416,-0.01386261,0.017669678,-0.01399231,0.0093688965,0.0011777878,-0.022949219,-0.029174805,0.062164307,-0.04498291,0.04272461,0.04510498,0.04046631,-0.014183044,0.044677734,0.04510498,-0.011009216,-0.044921875,-0.085632324,-0.0067977905,0.02947998,0.018356323,0.0018987656,0.042877197,0.04498291,-0.01651001,-0.048858643,-0.0007519722,0.0060272217,-0.024291992,0.04260254,0.014656067,-0.02406311,0.00818634,-0.012237549,-0.016967773,0.04257202,0.044830322,0.039520264,0.059906006,0.07684326,-0.021560669,0.014175415,0.051116943,-0.028442383,-0.02482605,0.013832092,0.02708435,-0.049682617,0.0044517517,0.07891846,-0.04257202,-0.01071167,0.0008678436,0.04714966,-0.0057373047,-0.013641357,-0.030014038,0.03842163,-0.0033912659,0.0012493134,-0.0013036728,-0.05328369,0.047058105,0.003627777,0.06439209],
        'sütemény, torta, kézműves, rendelés',
        NOW() - INTERVAL '9 days'
    ),
    (
        4004,
        'Klara Festészet',
        'Akvarell festmények és egyedi képek megrendelésre.',
        '8899bbcc-ccdd-4eef-f004-112233445577',
        ARRAY ['https://picsum.photos/seed/paint1/400','https://picsum.photos/seed/paint2/400'],
        ST_GeogFromText('SRID=4326;POINT(19.0455 47.4605)'),
        200,
        1017,
        ARRAY [0.038726807,0.029144287,-0.043640137,0.0010881424,0.062805176,0.0020446777,0.051452637,0.009681702,-0.07867432,-0.007106781,0.011695862,-0.009780884,0.04623413,-0.0054473877,-0.0029277802,-0.008140564,-0.022476196,-0.006450653,-0.09069824,-0.032409668,0.025543213,0.018371582,0.049957275,-0.016189575,0.0025672913,-0.012001038,0.035064697,0.024932861,-0.093933105,0.047607422,0.054748535,-0.017532349,0.045837402,-0.0025119781,0.025238037,-0.021713257,0.016479492,0.047973633,0.08093262,0.047668457,0.04348755,-0.01777649,-0.0104599,0.06439209,-0.057922363,-0.043823242,-0.031402588,0.0038490295,-0.06652832,-0.09863281,-0.050750732,-0.107421875,0.051757812,0.0037078857,0.002986908,-0.04232788,0.04827881,0.14831543,-0.041534424,-0.015342712,0.0013217926,-0.02041626,-0.0345459,0.026855469,-0.05053711,-0.04083252,-0.03552246,0.017593384,-0.03250122,0.0703125,0.054626465,-0.07989502,0.004146576,-0.00806427,0.005607605,0.034088135,0.052581787,0.028182983,-0.008407593,-0.052978516,0.037353516,0.016921997,0.024108887,-0.01550293,-0.014884949,0.023040771,-0.027999878,-0.12219238,0.016235352,-0.06652832,-0.06866455,-0.03604126,-0.029937744,0.05343628,0.07928467,-0.04525757,-0.015899658,0.025390625,-0.011650085,0.034332275,-0.07489014,-0.036132812,-0.03466797,-0.03414917,0.016723633,0.04748535,-0.0066986084,-0.0009365082,-0.05807495,-0.049316406,0.034942627,-0.018341064,0.015838623,0.027374268,0.038146973,-0.008178711,-0.0061569214,-0.06335449,0.032806396,-0.031799316,-0.036102295,-0.10247803,0.031463623,-0.014915466,-0.066833496,0.00019192696,-0.010131836,0.061584473,0.021621704,0.062683105,-0.020080566,0.02166748,-0.019256592,0.02470398,0.029724121,-0.06011963,-0.0107421875,0.012504578,0.0105896,0.028274536,-0.06964111,-0.030853271,0.018447876,-0.072631836,-0.008049011,-0.08123779,9.000301e-06,-0.00028586388,-0.03869629,0.0345459,-0.0074920654,0.046142578,-0.05987549,-0.049713135,-0.025894165,-0.015602112,-0.007965088,-0.03100586,-0.0019340515,-0.010322571,0.07104492,0.015014648,-0.009132385,-0.001876831,0.082214355,-0.013504028,-0.043762207,-0.0027713776,-0.06323242,0.064575195,-0.00081014633,0.011650085,0.0005455017,-0.03137207,-0.040985107,0.040771484,0.05328369,0.022705078,-0.13146973,-0.015167236,-0.02053833,0.09234619,-0.02633667,-0.023605347,0.015625,0.062561035,-0.014625549,0.04348755,0.062805176,-0.047790527,0.036132812,-0.010269165,-0.022033691,-0.029296875,0.03668213,-0.007881165,-0.04147339,-0.0037956238,-0.0063095093,0.016967773,0.008407593,-0.1307373,0.048706055,0.058624268,-0.015991211,-0.0024814606,0.0038871765,-0.006412506,0.017730713,-0.03564453,-0.035064697,0.10900879,-0.017364502,0.035614014,-0.011390686,0.024169922,-0.03074646,0.010284424,-0.027053833,-0.028076172,0.05114746,-0.10882568,-0.05609131,0.0116119385,-0.025421143,0.06616211,0.02583313,0.018981934,-0.032958984,-0.002204895,-0.0423584,0.017745972,-0.08099365,-0.08227539,-0.07434082,0.055145264,0.015579224,0.039398193,-0.02722168,-0.025878906,-0.022354126,0.039520264,-0.07531738,0.01171875,-0.0040893555,0.0137786865,0.0053977966,0.114990234,-0.0037326813,0.010421753,0.016098022,0.024780273,0.026229858,0.08154297,-0.0057411194,0.08807373,0.0101623535,-0.0021514893,0.0022144318,-0.013175964,-0.03793335,0.014213562,-0.013412476,-0.011077881,0.0028095245,-0.019577026,0.017654419,-0.010192871,-0.025314331,0.05709839,0.012184143,-0.052978516,0.030059814,-0.02659607,-0.03353882,0.032562256,0.053741455,0.020690918,0.0019741058,0.056671143,-0.020645142,-0.034332275,0.020263672,0.07501221,-0.119140625,0.042297363,-0.0062332153,-0.015296936,-0.05722046,0.021087646,-0.019195557,-0.02507019,-0.012428284,0.016326904,-0.020095825,0.025878906,0.066589355,0.029525757,0.012054443,0.050231934,-0.058898926,-0.105773926,-0.017913818,-0.072631836,0.08654785,-0.009284973,0.058380127,0.10845947,0.041381836,-0.013999939,-0.026657104,0.006996155,-0.002571106,-0.022506714,-0.10430908,-0.043060303,0.006752014,0.03564453,-0.017959595,0.0044898987,0.079956055,-0.0049438477,-0.082336426,-0.0129470825,0.014930725,0.032440186,0.026489258,-0.03164673,0.05343628,-0.04840088,-0.038024902,-0.055999756,0.0597229,0.07421875,0.027633667,-0.00982666,-0.030166626,0.0044784546,0.049560547,-0.066589355,-0.019699097,-0.057678223,-0.06347656,0.042633057,0.009780884,0.003932953,-0.038269043,-0.030639648,0.010887146,0.08215332,0.00073719025,-0.008758545,-0.07989502,0.0007534027,0.036102295,-0.0012264252,0.020263672,-0.0021266937,0.0010957718,0.04220581,-0.023071289,-0.017120361,0.019897461,-0.047180176,0.10870361,0.051452637,-0.00919342,-0.01751709,-0.05630493,0.011306763,-0.10046387,0.06304932,-0.025482178,0.03137207,-0.05593872,0.009750366,-0.033935547,-0.034088135,-0.013946533,0.028289795,-0.045684814,-0.016540527,-0.027511597,0.030273438,0.0022354126,0.08355713,-0.020187378,-0.0064430237,-0.1003418,-0.032073975,-0.06542969,0.032287598,0.019927979,0.027633667,-0.017089844,0.08392334,-0.001745224,0.0030841827,0.034729004,0.021606445,-0.045776367,0.06719971,-0.0039367676,0.03012085,0.0340271,-0.036102295,0.023880005,-0.007648468,0.034179688,0.053833008,0.024246216,-0.034698486,0.05722046,0.057769775,0.020507812,0.022583008,0.09173584,0.036102295,-0.049438477,-0.023590088,0.02947998,-0.05218506,-0.02293396,0.10321045,-0.11657715,0.047576904,0.015914917,0.022842407,-0.0031986237,-0.038269043,-0.07196045,-0.0087890625,0.007160187,-0.019958496,0.040496826,-0.033325195,-0.049560547,-0.0019550323,0.012710571,0.0040359497,-0.017669678,-0.01309967,-0.034606934,-0.066223145,0.014167786,-0.052093506,0.010124207,-0.0023651123,-0.08380127,0.016586304,0.0074539185,-0.0463562,-0.1026001,-0.041809082,0.023117065,-0.009101868,-0.011062622,0.046783447,0.019729614,0.025466919,-0.03161621,-0.048736572,-0.02078247,-0.003704071,-0.055267334,-0.0038661957,0.027252197,-0.01576233,0.03643799,0.040222168,-0.0004892349,-0.009056091,-0.055877686,-0.017120361,0.05883789,-0.032196045,0.002614975,-0.0155181885,-0.0016527176,-0.045562744,-0.008071899,-0.067871094,-0.018661499,0.031677246,0.07110596,-0.027877808,0.07952881,-0.016174316,0.04925537,0.059631348,-0.007820129,0.074279785,0.0058174133,0.040740967,-0.037261963,-0.051696777,-0.021331787,-0.07354736,-0.012863159,-0.066223145,0.05496216,0.05319214,-0.008529663,-0.059417725,0.038757324,-0.07714844,0.0014543533,-0.060577393,-0.05819702,0.038604736,0.027786255,0.072753906],
        'festészet, akvarell, művészet, egyedi',
        NOW() - INTERVAL '6 days'
    ),
    (
        4005,
        'Balazs Autószerelő',
        'Személyautók javítása és karbantartása garanciával.',
        'bbcceeff-ff00-4112-2337-445566778800',
        ARRAY ['https://picsum.photos/seed/car1/400'],
        ST_GeogFromText('SRID=4326;POINT(19.0585 47.4725)'),
        500,
        1020,
        ARRAY [0.06854248,0.05606079,-0.01374054,-0.03149414,0.051879883,0.101501465,0.018508911,0.009895325,0.020629883,-0.02758789,0.0927124,-0.011451721,-0.04449463,0.028274536,0.034423828,0.00062417984,-0.016189575,-0.038269043,0.002609253,-0.08911133,0.043823242,-0.05706787,0.0010881424,0.0066452026,0.0011386871,0.004169464,-0.021408081,0.013496399,-0.006263733,-0.0069351196,0.04071045,0.031082153,0.025772095,0.014297485,0.035583496,-0.05441284,0.06774902,0.030029297,-0.0030097961,0.028823853,0.029434204,0.029144287,-0.0149002075,-0.015899658,-0.0070724487,0.0423584,-0.023757935,0.00945282,-0.087402344,-0.080078125,-0.07861328,-0.032043457,0.03149414,-0.012527466,0.013557434,-0.047729492,-0.047729492,0.14025879,-0.032043457,0.02848816,-0.014793396,-0.0049057007,-0.057006836,0.020858765,-0.053253174,-0.023468018,0.016677856,-0.04827881,-0.041748047,0.017547607,0.0050964355,-0.035614014,-0.019500732,-0.018371582,0.058380127,0.05529785,0.042785645,0.018585205,-0.02368164,-0.07159424,0.06427002,0.014465332,0.04196167,0.01424408,-0.013710022,0.0027542114,0.006603241,-0.10736084,0.012870789,-0.047302246,-0.031707764,-0.018798828,0.025939941,0.018951416,0.061035156,0.0031967163,-0.04269409,0.018157959,-0.009063721,0.061401367,-0.079711914,-0.009963989,0.010047913,-0.0871582,0.12414551,0.031402588,-0.019515991,-0.03955078,0.06036377,-0.028366089,-0.019943237,-0.09063721,-0.01234436,0.04763794,-0.05783081,0.011627197,-0.004673004,-0.081970215,0.0077438354,-0.000103354454,-0.00036168098,-0.051574707,0.107666016,0.008003235,0.003129959,0.010116577,0.06695557,0.033813477,0.020339966,-0.030807495,0.010017395,0.023223877,-0.01651001,-0.0038051605,0.01751709,-0.07305908,0.039031982,-0.027114868,-0.06549072,-0.027923584,-0.11035156,0.039978027,0.007396698,0.008850098,0.018341064,-0.037384033,0.017440796,-0.014213562,-0.06976318,0.10870361,0.005584717,-0.08026123,-0.05731201,-0.06286621,0.022506714,-0.033996582,-0.04650879,-0.08453369,-0.033599854,0.05783081,0.062408447,-0.044677734,0.025802612,0.036590576,-0.019195557,0.048706055,-0.010528564,-0.08441162,-0.047027588,0.058288574,0.027359009,-0.030029297,-0.07556152,-0.034332275,0.0044670105,0.08654785,0.049316406,0.021011353,-0.022583008,0.002714157,-0.04711914,0.026519775,0.027328491,-0.05154419,0.050476074,-0.0076026917,-0.01852417,-0.018157959,0.05029297,-0.060577393,0.010726929,0.03302002,-0.024612427,0.01927185,0.0010919571,-0.019989014,-0.048797607,0.012145996,-0.045410156,0.006210327,-0.008354187,-0.07128906,-0.0001963377,0.06298828,-0.0017204285,0.07751465,0.010116577,0.06237793,-0.00049591064,-0.041046143,0.009635925,0.06365967,-0.031143188,0.027282715,0.030197144,0.04852295,-0.0284729,0.05847168,0.029403687,0.025146484,0.06756592,-0.074401855,0.015571594,0.055999756,-0.017929077,-0.029342651,0.02720642,0.026412964,-0.056762695,0.0013771057,-0.03756714,0.03414917,-0.09790039,-0.049224854,-0.070495605,-0.0038719177,-0.040008545,-0.011909485,-0.068725586,-0.028289795,-0.058044434,0.10101318,-0.038604736,-0.04550171,-0.011054993,0.012619019,0.024917603,0.03387451,0.018447876,0.021240234,-0.00982666,-0.018753052,0.036987305,0.04550171,0.07385254,0.050750732,0.12200928,0.00011920929,0.015220642,0.016616821,-0.025772095,0.01914978,-0.040039062,-0.033966064,0.013870239,0.028335571,-0.0096206665,0.056671143,-0.066711426,-0.07861328,0.022613525,-0.062683105,0.039733887,-0.058288574,0.019104004,0.026351929,-0.034729004,-0.010551453,-0.04550171,0.05697632,0.055725098,-0.0362854,0.043792725,0.06585693,-0.06542969,0.018081665,-0.07019043,-0.008758545,0.016403198,0.027328491,0.026245117,-0.052947998,0.008178711,0.07525635,-0.072143555,0.0035305023,0.05307007,-0.0071754456,-0.057739258,-0.010253906,-0.029434204,0.033050537,0.013366699,-0.018615723,0.05657959,-0.027359009,-0.008995056,-0.001543045,-0.0345459,-0.0019140244,-0.05053711,0.0072784424,-0.030197144,-0.016815186,-0.036895752,0.02128601,-0.04623413,-0.008392334,-0.0045051575,-0.023757935,0.006504059,-0.012817383,-0.09039307,-0.04095459,-0.02760315,-0.011245728,0.05255127,-0.02520752,0.08166504,-0.07006836,-0.026306152,0.01158905,0.05834961,0.012710571,-0.070739746,-0.058166504,-0.07006836,0.070129395,-0.030731201,-0.06762695,0.010734558,-0.033081055,-0.06109619,0.07373047,-0.040893555,0.055480957,-0.0029697418,-0.018371582,-0.00548172,-0.044158936,0.00066185,-0.059295654,-0.031341553,0.022003174,0.02067566,-0.022659302,0.023834229,-0.011627197,-0.050323486,0.024841309,0.029968262,-0.038024902,0.0043258667,0.004837036,0.11230469,0.029464722,0.017044067,0.03677368,-0.060577393,0.0069618225,-0.0927124,0.06817627,0.05154419,0.024765015,-0.05505371,-0.0060653687,-0.02015686,-0.042785645,0.0017366409,0.011276245,-0.012313843,-0.10101318,-0.051696777,-0.012207031,-0.0054016113,0.011756897,-0.019210815,0.018829346,0.0038909912,0.0037136078,-0.029693604,0.06915283,0.07159424,-0.07342529,-0.033294678,-0.0038051605,-0.022766113,0.0368042,0.025787354,-0.06323242,0.0004887581,0.060058594,-0.03164673,0.010597229,-0.04901123,-0.044281006,-0.02935791,-0.040924072,0.026382446,0.034729004,0.016571045,-0.0703125,0.03756714,-0.024520874,0.038757324,0.08557129,0.064208984,0.015098572,0.027893066,0.03463745,0.037109375,-0.030822754,-0.04284668,0.021774292,-0.044647217,-0.01864624,-0.060913086,0.013206482,-0.014801025,-0.05496216,-0.054138184,-0.046783447,-0.021118164,-0.03012085,-0.0074920654,-0.035369873,0.06915283,-0.0770874,-0.033447266,-0.02154541,-0.057373047,-0.08831787,-0.068481445,-0.06500244,0.047332764,-0.10253906,0.045318604,-0.005584717,-0.031051636,-0.048797607,-0.0059165955,0.0020370483,-0.013679504,-0.042633057,-0.103637695,-0.055908203,-0.009391785,0.04034424,-0.030181885,-0.0024986267,-0.058135986,-0.015571594,-0.029449463,-0.0059547424,-0.0052452087,0.013336182,-0.0619812,-0.06890869,0.021865845,0.059631348,-0.022857666,-0.033843994,0.02130127,0.0052833557,0.038909912,0.0018978119,-0.053833008,0.05444336,0.01499176,-0.0041007996,-0.04071045,0.043945312,0.014144897,-0.039520264,-0.027740479,0.009635925,0.097595215,-0.07751465,-0.014640808,0.088134766,-0.044708252,0.01777649,-0.09075928,0.004901886,0.013946533,-0.0059127808,0.02557373,0.008110046,-0.076538086,-0.0063934326,-0.024780273,0.009857178,-0.0423584,0.0059776306,0.029006958,-0.038604736,0.019134521,-0.038391113,-0.045288086,-0.024154663,0.037384033,0.0335083],
        'autó, szerelő, javítás, karbantartás',
        NOW() - INTERVAL '11 days'
    );
-- Buziness recommendations for batch 3 (author ≠ buziness author)
INSERT INTO public."buzinessRecommendations" (id, author, buziness_id, created_at)
VALUES (
        2114,
        '55667788-99aa-4bbc-cdd1-eeff00112244',
        4001,
        NOW() - INTERVAL '2 days'
    ),
    -- gabor → Eszter Masszázs
    (
        2115,
        '44556677-8899-4aab-bcc0-ddeeff001133',
        4002,
        NOW() - INTERVAL '6 hours'
    ),
    -- eszter → Gabor IT
    (
        2116,
        '7788aabb-bbcc-4dde-eff3-001122334466',
        4003,
        NOW() - INTERVAL '1 day'
    ),
    -- adam → Nora Sütiző
    (
        2117,
        'aabbddee-eeff-4001-1226-334455667799',
        4003,
        NOW() - INTERVAL '3 hours'
    ),
    -- judit → Nora Sütiző
    (
        2118,
        '99aaccdd-ddee-4ff0-0115-223344556688',
        4004,
        NOW() - INTERVAL '5 hours'
    ),
    -- tamas → Klara Festészet
    (
        2119,
        '66778899-aabb-4ccd-dee2-ff0011223355',
        4005,
        NOW() - INTERVAL '4 hours'
    ),
    -- nora → Balazs Autószerelő
    (
        2120,
        'a3f8b9f2-3b1a-4a49-9a27-3e7f0e9d1c01',
        4002,
        NOW() - INTERVAL '2 hours'
    ),
    -- luna → Gabor IT
    (
        2121,
        'b6d1e2c3-4f5a-6b7c-8d9e-0f1a2b3c4d5e',
        4004,
        NOW() - INTERVAL '1 hour'
    ),
    -- marci → Klara Festészet
    (
        2122,
        'e1e2e3e4-e5e6-4e7e-8e9e-0e1e2e3e4e5e',
        4003,
        NOW() - INTERVAL '30 minutes'
    ),
    -- bence → Nora Sütiző
    (
        2123,
        '33445566-7788-4990-a112-ccddeeff0022',
        4001,
        NOW() - INTERVAL '15 minutes'
    );
-- david → Eszter Masszázs
-- Profile recommendations for batch 3
INSERT INTO public."profileRecommendations" (id, author, profile_id, created_at)
VALUES (
        3109,
        '44556677-8899-4aab-bcc0-ddeeff001133',
        '55667788-99aa-4bbc-cdd1-eeff00112244',
        NOW() - INTERVAL '3 days'
    ),
    -- eszter → gabor
    (
        3110,
        '55667788-99aa-4bbc-cdd1-eeff00112244',
        '44556677-8899-4aab-bcc0-ddeeff001133',
        NOW() - INTERVAL '3 days'
    ),
    -- gabor → eszter
    (
        3111,
        '66778899-aabb-4ccd-dee2-ff0011223355',
        '8899bbcc-ccdd-4eef-f004-112233445577',
        NOW() - INTERVAL '2 days'
    ),
    -- nora → klara
    (
        3112,
        '8899bbcc-ccdd-4eef-f004-112233445577',
        '66778899-aabb-4ccd-dee2-ff0011223355',
        NOW() - INTERVAL '2 days'
    ),
    -- klara → nora
    (
        3113,
        '99aaccdd-ddee-4ff0-0115-223344556688',
        '7788aabb-bbcc-4dde-eff3-001122334466',
        NOW() - INTERVAL '1 day'
    ),
    -- tamas → adam
    (
        3114,
        'aabbddee-eeff-4001-1226-334455667799',
        'bbcceeff-ff00-4112-2337-445566778800',
        NOW() - INTERVAL '18 hours'
    ),
    -- judit → balazs
    (
        3115,
        'bbcceeff-ff00-4112-2337-445566778800',
        'aabbddee-eeff-4001-1226-334455667799',
        NOW() - INTERVAL '12 hours'
    ),
    -- balazs → judit
    (
        3116,
        '7788aabb-bbcc-4dde-eff3-001122334466',
        '55667788-99aa-4bbc-cdd1-eeff00112244',
        NOW() - INTERVAL '6 hours'
    ),
    -- adam → gabor
    (
        3117,
        'a3f8b9f2-3b1a-4a49-9a27-3e7f0e9d1c01',
        '44556677-8899-4aab-bcc0-ddeeff001133',
        NOW() - INTERVAL '4 hours'
    ),
    -- luna → eszter
    (
        3118,
        'b6d1e2c3-4f5a-6b7c-8d9e-0f1a2b3c4d5e',
        '99aaccdd-ddee-4ff0-0115-223344556688',
        NOW() - INTERVAL '2 hours'
    );
-- marci → tamas
-- Keep sequences in sync with inserted IDs
SELECT setval(
        'public.buziness_id_seq',
        (
            SELECT COALESCE(MAX(id), 1)
            FROM public.buziness
        )
    );
SELECT setval(
        'public."buzinessRecommendations_id_seq"',
        (
            SELECT COALESCE(MAX(id), 1)
            FROM public."buzinessRecommendations"
        )
    );
SELECT setval(
        'public.comments_id_seq',
        (
            SELECT COALESCE(MAX(id), 1)
            FROM public.comments
        )
    );
SELECT setval(
        'public.contacts_id_seq',
        (
            SELECT COALESCE(MAX(id), 1)
            FROM public.contacts
        )
    );
SELECT setval(
        'public."eventResponses_id_seq"',
        (
            SELECT COALESCE(MAX(id), 1)
            FROM public."eventResponses"
        )
    );
SELECT setval(
        'public.events_id_seq',
        (
            SELECT COALESCE(MAX(id), 1)
            FROM public.events
        )
    );
SELECT setval(
        'public.posts_id_seq',
        (
            SELECT COALESCE(MAX(id), 1)
            FROM public.posts
        )
    );
SELECT setval(
        'public."profileRecommendations_id_seq"',
        (
            SELECT COALESCE(MAX(id), 1)
            FROM public."profileRecommendations"
        )
    );
-- Seed private.app_config for local dev (notify trigger needs these)
INSERT INTO private.app_config (key, value) VALUES
  ('supabase_url', 'http://supabase_kong_fife-app-expo:8000'),
  ('service_role_key', 'eyJhbGciOiJIUzI1NiIsInR5cCI6IkpXVCJ9.eyJpc3MiOiJzdXBhYmFzZS1kZW1vIiwicm9sZSI6InNlcnZpY2Vfcm9sZSIsImV4cCI6MTk4MzgxMjk5Nn0.EGIM96RAZx35lJzdJsyH-qQwv8Hdp7fsn3W0YpN81IU')
ON CONFLICT (key) DO UPDATE SET value = EXCLUDED.value;

-- Done. Re-enable triggers
SET session_replication_role = DEFAULT;